id	nwc_string_rva	buka_string_rva	nwc_pointer_site	buka_pointer_site	original_commit	original_source	russian_sha256	evidence
editor.instance.event_name	-	0x0004b83c	-	0x0000c9b0	-	src/SOURCE/kbwin.cpp	1fcc3076ed3f5aaa6e5c4d5ac6beeb88126b4a500925e79dc62665c8680a5166	EDITOR.EXE WinMain CreateEventA name; English is a translation (no English editor release)
editor.instance.title	-	0x0004b84c	-	0x0000c9e1	-	src/SOURCE/kbwin.cpp	1fcc3076ed3f5aaa6e5c4d5ac6beeb88126b4a500925e79dc62665c8680a5166	EDITOR.EXE WinMain already-running message argument; English is a translation (no English editor release)
editor.window.app_name	-	0x0004b7f8	-	-	-	src/SOURCE/kbwin.cpp	1fcc3076ed3f5aaa6e5c4d5ac6beeb88126b4a500925e79dc62665c8680a5166	EDITOR.EXE gAppName initializer (window class name); English is a translation (no English editor release)
editor.window.title	-	0x0004b808	-	-	-	src/SOURCE/kbwin.cpp	1fcc3076ed3f5aaa6e5c4d5ac6beeb88126b4a500925e79dc62665c8680a5166	EDITOR.EXE gTitle initializer (window caption); English is a translation (no English editor release)
editor.startup.initialize.failed	-	0x0004b30c	-	0x000084c1	-	src/EDITOR/EDITOR.cpp	fe8aff8d234abc5daab3b30af474c1dab37d55750a580ca93e4b46aaac86373a	EDITOR.EXE oldmain InitSystem failure; English is a translation (no English editor release)
editor.startup.cd.required	-	0x0004b40c	-	0x000088cb	-	src/EDITOR/EDITOR.cpp	47f0815867cfcad12e927b77625c5d98f9ffaf3ab863129ee07a88df2292691c	EDITOR.EXE EarlySetup CD-not-found message; English is a translation (no English editor release)
editor.map.saved	-	0x0003e844	-	0x00002190	-	src/EDITOR/EDITMGR.cpp	e5dc31966311572cd2da808545735a483a259e376e8b609f8e9513705b158fdf	EDITOR.EXE editManager::Main save confirmation; English is a translation (no English editor release)
editor.quit.confirm	-	0x0003e85c	-	0x000021f5	-	src/EDITOR/EDITMGR.cpp	7f9faca9da254d921a9084c7c0e87ee8977e4a958a0507a9d665c0a0cc390b12	EDITOR.EXE editManager::Main quit question (two literal copies, 0x0003e85c and 0x0003e8ac); English is a translation (no English editor release)
editor.map.new.confirm	-	0x0003e87c	-	0x00002242	-	src/EDITOR/EDITMGR.cpp	30422f63c1b1b8c431388f3031351f8f1914a8bd2430ee85f4044f00fd9a07c8	EDITOR.EXE editManager::Main new-map question; English is a translation (no English editor release)
editor.check.stone_liths.single	-	0x0003e8e8	-	0x00005fb9	-	src/EDITOR/EDITMGR.cpp	eefddd23020d25879e6cf94676ed33b9f3aba6a26d90405bdf681ef6f987bb22	EDITOR.EXE editManager::CheckObjects save check; English is a translation (no English editor release)
editor.check.whirlpool.single	-	0x0003e93c	-	0x00005fcc	-	src/EDITOR/EDITMGR.cpp	d044f87b49eb1989a4236a2a133038ce5b8e2f3061e5cefc50d8317fd9550665	EDITOR.EXE editManager::CheckObjects save check; English is a translation (no English editor release)
editor.check.castles.few	-	0x0003ea10	-	0x000068fd	-	src/EDITOR/EDITMGR.cpp	12901830347b0de34a758b9a9374e389763088ba7d95b3797f480962f4abc124	EDITOR.EXE editManager::WriteTowns save check; English is a translation (no English editor release)
editor.check.castles.unset	-	0x0003ea2c	-	0x0000691b	-	src/EDITOR/EDITMGR.cpp	cfa629e624af6bbb38d63c1c69861af0539ad75e9e60d29d19b51a369f4fd0d2	EDITOR.EXE editManager::WriteTowns save check; English is a translation (no English editor release)
editor.check.castles.mixed	-	0x0003ea80	-	0x00006939	-	src/EDITOR/EDITMGR.cpp	caaf437cbaa41d6558b6fa5adeb7a2776e016b668f188b9dea0bf775f83458ec	EDITOR.EXE editManager::WriteTowns save check; English is a translation (no English editor release)
editor.check.lighthouse.multiple	-	0x0003eaf8	-	0x00006ba2	-	src/EDITOR/EDITMGR.cpp	1e61d22684ebafa60e0b585920dfd38c285ffd54949fc5685eb45f57d6290e7c	EDITOR.EXE editManager::WriteMines save check; English is a translation (no English editor release)
editor.check.dragon_city.multiple	-	0x0003eb14	-	0x00006bb5	-	src/EDITOR/EDITMGR.cpp	65af60232f26b33e17fb8a3451cf486ac266d1789293cb0b9e930f840412ebd9	EDITOR.EXE editManager::WriteMines save check; English is a translation (no English editor release)
editor.check.obelisks.many	-	0x0003eb60	-	0x00006f37	-	src/EDITOR/EDITMGR.cpp	9865770329c096aa41ab3e0e66ebb5c0e22269ff55fb9b3603aa788e41514d76	EDITOR.EXE editManager::WriteObelisks save check; English is a translation (no English editor release)
editor.map.old_format	-	0x0003ebb0	-	0x00007524	-	src/EDITOR/EDITMGR.cpp	64a32af6a41ed1de0667444d19bbf5f323ae1b8651b501d2fd2e1c6b6813ce20	EDITOR.EXE editManager::LoadMap old-format notice; English is a translation (no English editor release)
editor.check.next	-	0x0003ece8	-	0x000076f8	-	src/EDITOR/EDITMGR.cpp	e8b984b490918db158d0a43f3d9b49891c43df0a6fafb4a54c45069e1c1b8067	EDITOR.EXE editManager::ShowErrors question; English is a translation (no English editor release)
editor.map.random.name	-	0x0003ed60	-	0x0000817e	-	src/EDITOR/EDITMGR.cpp	551f4659f1605b3db4287e355e5cefdcfc50ded02d65a9e37cfd3ddd3c1e1843	EDITOR.EXE editManager::NewMap random map name; English is a translation (no English editor release)
editor.map.unnamed	-	0x0003ed70	-	0x000081ab	-	src/EDITOR/EDITMGR.cpp	6dd9db4c910be71503f0a2ece45509d36db1c978c596a5e9f2f50aa2a76da4cd	EDITOR.EXE editManager::NewMap map name; English is a translation (no English editor release)
editor.map.no_description	-	0x0003ed80	-	0x000081c8	-	src/EDITOR/EDITMGR.cpp	fe60d966a33e4ba6c42613ee197c7177c271e9a5f8e602dd9f6c778fdeaac1dd	EDITOR.EXE editManager::NewMap map description; English is a translation (no English editor release)
table.gEditButtonHelp.1	-	0x00040a2c	-	0x0003f748	-	src/EDITOR/EDITOR.cpp:gEditButtonHelp[1]	7e1cd550a36df5a273b99a7a5f2c599b12135a9170e8206a30c7913b007a7019	EDITOR.EXE editManager::Main right-click help, ten-entry pointer table (entry 0 empty); English is a translation (no English editor release)
table.gEditButtonHelp.2	-	0x00040a64	-	0x0003f74c	-	src/EDITOR/EDITOR.cpp:gEditButtonHelp[2]	85a83d472063497e5673514c7a9ad176cfd335e7e94784b22051eb093d014066	EDITOR.EXE editManager::Main right-click help, ten-entry pointer table (entry 0 empty); English is a translation (no English editor release)
table.gEditButtonHelp.3	-	0x00040aa0	-	0x0003f750	-	src/EDITOR/EDITOR.cpp:gEditButtonHelp[3]	b5f4e9ee046e2ee3c6dd938880f892c0c5839f188b1a4ee34ba9f9b334324e9a	EDITOR.EXE editManager::Main right-click help, ten-entry pointer table (entry 0 empty); English is a translation (no English editor release)
table.gEditButtonHelp.4	-	0x00040af4	-	0x0003f754	-	src/EDITOR/EDITOR.cpp:gEditButtonHelp[4]	69fa067c8f2cb3b74dc6e40a40d542ae4b60da4debe71da876ce59cd266555b1	EDITOR.EXE editManager::Main right-click help, ten-entry pointer table (entry 0 empty); English is a translation (no English editor release)
table.gEditButtonHelp.5	-	0x00040b34	-	0x0003f758	-	src/EDITOR/EDITOR.cpp:gEditButtonHelp[5]	051f768f105c65d915fdc8d374e2fa56d9d246c75b66109529e005645807d4bd	EDITOR.EXE editManager::Main right-click help, ten-entry pointer table (entry 0 empty); English is a translation (no English editor release)
table.gEditButtonHelp.6	-	0x00040b50	-	0x0003f75c	-	src/EDITOR/EDITOR.cpp:gEditButtonHelp[6]	e4c1fd3a5411c8b505e40fb77d3e9c9a196d582473bdb8369963a8775cf52db3	EDITOR.EXE editManager::Main right-click help, ten-entry pointer table (entry 0 empty); English is a translation (no English editor release)
table.gEditButtonHelp.7	-	0x00040b70	-	0x0003f760	-	src/EDITOR/EDITOR.cpp:gEditButtonHelp[7]	83d2b5ef6c0195712ce9f62918edc6ab0416b98ebe9d94276d255c0fc6827565	EDITOR.EXE editManager::Main right-click help, ten-entry pointer table (entry 0 empty); English is a translation (no English editor release)
table.gEditButtonHelp.8	-	0x00040b8c	-	0x0003f764	-	src/EDITOR/EDITOR.cpp:gEditButtonHelp[8]	25e770a0578d256efe0fb061cb9d349ddad798463ab6d2fdc515e112f1c74bef	EDITOR.EXE editManager::Main right-click help, ten-entry pointer table (entry 0 empty); English is a translation (no English editor release)
table.gEditButtonHelp.9	-	0x00040b94	-	0x0003f768	-	src/EDITOR/EDITOR.cpp:gEditButtonHelp[9]	818dc6d6d3f48f58afb84a28405e29e970aa0ec2106ad7d09ca7a7b56ce8366b	EDITOR.EXE editManager::Main right-click help, ten-entry pointer table (entry 0 empty); English is a translation (no English editor release)
table.gEditAreaHelp.1	-	0x00040bbc	-	0x0003f770	-	src/EDITOR/EDITOR.cpp:gEditAreaHelp[1]	1d305715ae9156745192bf03ad586bedaae88e73553c99a75acd7f93cb1c5555	EDITOR.EXE editManager::Main right-click help, eight-entry pointer table (entry 0 empty); English is a translation (no English editor release)
table.gEditAreaHelp.2	-	0x00040bec	-	0x0003f774	-	src/EDITOR/EDITOR.cpp:gEditAreaHelp[2]	ebf3ee7dd256d351abd0ae8443aa206ff9e8056a1abc4f21be6e64069e427bfe	EDITOR.EXE editManager::Main right-click help, eight-entry pointer table (entry 0 empty); English is a translation (no English editor release)
table.gEditAreaHelp.3	-	0x00040c2c	-	0x0003f778	-	src/EDITOR/EDITOR.cpp:gEditAreaHelp[3]	abbaa4ebf817e44eff2ec7b32e36164847ae17a8864b8116ef5168ab4da6e281	EDITOR.EXE editManager::Main right-click help, eight-entry pointer table (entry 0 empty); English is a translation (no English editor release)
table.gEditAreaHelp.4	-	0x00040c64	-	0x0003f77c	-	src/EDITOR/EDITOR.cpp:gEditAreaHelp[4]	f8e7283944807b9ebb66706c254449e536e4c740e687cab0eb39df514bc8f877	EDITOR.EXE editManager::Main right-click help, eight-entry pointer table (entry 0 empty); English is a translation (no English editor release)
table.gEditAreaHelp.5	-	0x00040cb4	-	0x0003f780	-	src/EDITOR/EDITOR.cpp:gEditAreaHelp[5]	783e03849465efb0412c317b1bd7df38b391bfb84038b5eff62d2dbb730c02db	EDITOR.EXE editManager::Main right-click help, eight-entry pointer table (entry 0 empty); English is a translation (no English editor release)
table.gEditAreaHelp.6	-	0x00040d10	-	0x0003f784	-	src/EDITOR/EDITOR.cpp:gEditAreaHelp[6]	c3158322f25d940fe04240bfa92a59348c46830f50355f297d91d6b9ead3c84a	EDITOR.EXE editManager::Main right-click help, eight-entry pointer table (entry 0 empty); English is a translation (no English editor release)
table.gEditAreaHelp.7	-	0x00040d44	-	0x0003f788	-	src/EDITOR/EDITOR.cpp:gEditAreaHelp[7]	67ad2bdbfa8df71b6f73f2a39417954ccc4190588a149df4c2efafaeb10e2aa1	EDITOR.EXE editManager::Main right-click help, eight-entry pointer table (entry 0 empty); English is a translation (no English editor release)
