id	component	kind	va_or_key	function	category	description	recommendation	risk	status	status_note
X01	exe	code	0x479a38-0x479a3b; cave 0x416bed-0x416c27	_WinMainCRTStartup (CRT); host army::DoAttack	framework	Entry jumps to a stub that LoadLibraryA("Loader_EN.dll"/"Loader_RU.dll"), ExitProcess(-1) on failure, then resumes the CRT prologue	Out of scope as a byte patch; optional explicit plugin-loader call in WinMain behind a TE option	None for saves; TE builds only	skipped-out-of-scope	framework: the source build compiles the changes in
X02	exe	code	0x43cfcf-0x43d0c3	EarlySetup (SOURCE/KB)	platform	CD check removed: no re-entry guard, no InterpretCommandLine early return, no SetupCDDrive call or its four fatal message boxes, no HEROES.AGG/_chdir probe; InitVars always runs. SetupCDDrive, IsCDDrive and DriveSupportsFreeSpaceQuery become dead and host code caves	Option in EarlySetup (no-CD build); keep SetupCDDrive source	None	implemented	
X03	exe	code	0x444b59-0x444bad	ProcessAssert (SOURCE/kbwin)	platform	Body replaced by ret; all 22 assertion sites become no-ops; remainder is a code cave	Compile H1_ASSERT out in the TE configuration	Hides invariant violations	build choice	not a source change: assertions stay as the source has them; a release build may disable ProcessAssert
X04	exe	code	0x44377c-0x4437c1	Process1WindowsMessage (SOURCE/kbwin)	platform	Sleep(0) before each PeekMessage pass; GetTickCount instead of KBTickCount; GetMessage throttle 150 -> 127 ms; runtime: CPUPatchAdv.dll makes it Sleep(1) with timeBeginPeriod(1)	Source edit	None	implemented	Sleep(1) per pump pass, 127 ms GetMessage interval, 1 ms timer period (effective with PL-CPU-1)
X05	exe	code+data	0x443eed,0x443f1f; 0x4441e7-0x444204; 0x44427d-0x44429a; data 0x49e7eb,0x49ea8b,0x49ed43	SetGameDefaults, ReadPrefs, WritePrefs (SOURCE/kbwin)	platform	Default fullScreen 1 -> 0; ReadPrefs forces gfx[0].showMenu=1 and gfx[0].fullScreen=0 instead of reading HMM1 GameShowMenu/GameFullScreen; registry key renamed to SOFTWARE\Buka\3DO\Heroes of Might and Magic\HeroesWorld TE; runtime: fsfix.dll restores the retail GameFullScreen read	Options plus a build constant for the key	Separate preference key from retail	implemented	effective with PL-FS-1: full-screen preference still read; key per language (\RU, \EN) as the text plugins set it, from the locale descriptor's registry_key
X06	exe	code	0x458d56-0x458d5a	PlaySmacker (SOURCE/SMACKMGR)	platform	SmackMain() call replaced by NOPs: intro/campaign videos never play (disabled ReturnSMKVideos plugin restores)	Option	None	implemented	PlayVideos preference, default off
X07	exe	code+rsrc	0x46b98f-0x46bf4b; .rsrc CURSOR/GROUP_CURSOR ids 20-94	mouseManager::SetPointer (BASE/MOUSEMGR)	ui	Runtime cursor synthesis from AGG bitmaps replaced by LoadCursorA of 75 embedded 32x32 8-bpp cursors (ids 20-94 -> hMouseCursor[id-20]); ids 1-19 write NULL into the unused tail of bmpColor[]; runtime: ReturnBWCursors.dll restores the retail bytes, so shipped TE uses retail cursors	Keep runtime synthesis; resource cursors as an option or generated at build time from the AGG	None	implemented	effective behaviour (ReturnBWCursors) is the retail cursor synthesis: no source change
X10	exe	code	0x416beb-0x416c27	army::DoAttack (SOURCE/ARMY)	bugfix	Removes the outer ghost growth after retaliation; the retaliating DoAttack(1) already added m_ghostKills, so retaliating ghosts grew twice	Delete the outer block	Combat outcome; multiplayer peers must match	implemented	
X11	exe	code	0x417066	army::CheckLuck (SOURCE/ARMY)	balance	Bad luck test SRandom(1,12) < -luck becomes <= -luck, symmetric with good luck	Comparison change	Combat RNG outcome; peers must match	implemented	
X12	exe	code	0x418a2f; 0x418a60-0x418a78	armyGroup::DamageGroup (SOURCE/ARMYGRP)	bugfix	SRandom(0,100) -> SRandom(0,99) against killChance; first wiped stack always keeps one creature (damagePercent < 0.999 test dropped; >= 1.0 still wipes)	Source edit	Auto-resolve outcomes	implemented	first stack keeps one only when something was killed (guards an empty slot growing to 1)
X13	exe	code	0x419730-0x419807	combatManager::UpdateArmyGroup (SOURCE/CMBTMGR)	bugfix	Survivors are written back by walking combat stacks and non-empty slots in lockstep instead of the first slot with the same creature type (duplicate-type armies lost or duplicated losses)	Rewrite loop with two indices	None for saves	implemented	
X14	exe	code	0x419679-0x41968b; cave 0x444897; 0x4195d4-0x4195f1	combatManager::Close (SOURCE/CMBTMGR)	bugfix	Surviving wandering-monster total stored in the map cell metadata byte is clamped to 127 instead of wrapping; the UpdateArmyGroup loop is re-encoded without behaviour change	Clamp before store	None	implemented	
X15	exe	code	0x41c770-0x41c774; cave 0x44487a	combatManager::ExperienceValueOfStack (SOURCE/CMBTMGR)	bugfix	Per-stack lost hit points added only when positive (grown ghost/resurrected stacks no longer subtract experience)	if (lost > 0)	None	implemented	
X16	exe	code+data	0x4238f7-0x423947; 0x423a0e; cave 0x4449d2-0x444b75; helper 0x439c8f	combatManager::CombatMessage(i16) (SOURCE/DRAWING)	ui	Attack and shoot status lines become "<Attack/Shoot> <creature>.  Damage: min - max" from a new estimator (attack-defence via gBattleStat, quantity, siege-wall -4, shooter melee half, bless/curse); shot count no longer shown; strings embedded in .text in Russian; text plugins add the Format option (TE-style/Classic+/Classic) and EN strings	New combatManager::EstimateDamage reusing the real damage code; status-bar format option; strings to localization	UI only	differs	forecast reuses the real damage formula (army::ScaleDamage, army::ShotCrossesCastleWall); shows target hit points, damage and kill ranges in words (no # glyphs); second strikes paired weakest/strongest; null target guarded
X17	exe	code	0x459b1e-0x459b46	combatManager::EffectSpellDamage (SOURCE/SPELLAI)	bugfix	Adds hex >= 0 check before indexing m_hexCells (edge hexes return -1)	Guard	None	implemented	
X18	exe	data	0x49360e	gCombatFxNames[COMBAT_EFFECT_RESURRECT] (SOURCE/KB)	ui	Resurrect effect animation magic01.icn -> magic05.icn	Initializer edit	None	implemented	
X20	exe	code+data	0x4185a2,0x4185ac-0x4185c5; 0x435f8c; 0x44092f,0x440944-0x440968; 0x440b4d; caves 0x44475a,0x44477e; data 0x493dd0,0x49c8a5	armyGroup::GetMorale, game::GetLuck, game::ShowMoraleInfo, game::ShowLuckInfo	balance	Fizbin of Misfortune: -2 morale becomes -3 luck; info texts moved from the morale to the luck panel; artifact description says luck; runtime: TE.dll also replaces GetMorale wholesale	Move the check and info line; update texts	Balance; peers must match	implemented	luck panel line is its own text entry
X21	exe	code	0x426eda-0x426ef9	advManager::GiveArtifact (SOURCE/EVENTS)	bugfix	m_randomArtifacts[artifact] only written for artifact <= 36; the spell book (37) overwrote m_boats[0]	Bounds check	None	implemented	
X22	exe	code	0x426f25-0x426f64; caves 0x444888,0x4448ca,0x4448f3; call sites 0x42535e,0x4262ff,0x427347,0x428204,0x428aab,0x44ec2a	advManager::GiveRandomArtifact; callers DoEvent, DoAIEvent, GhostEvent, philAI::FightEvent	balance	Random artifact chosen deterministically from the map-cell index and per-hero random seeds (4 + seed[(cell+seed0)%31] % 33); GetRandomArtifactId still called for RNG parity; 1000-gold fallback removed; duplicates possible	Cell parameter on GiveRandomArtifact plus a game::CellRandomArtifactId helper	Deterministic per save (no reroll on reload); peers must match	differs	per-cell seed kept, but only artifacts not yet in play are drawn and the gold fallback stays
X23	exe	code	0x426f91-0x426fd4	advManager::GiveExperience (SOURCE/EVENTS)	bugfix	Non-positive experience ignored; two asserts removed	Early-out	None	implemented	
X24	exe	code	0x43a33a-0x43a345; 0x439017; 0x433a55-0x433a5b; 0x4354f4; caves 0x442254-0x442282,0x444702,0x444726,0x44494c-0x4449d1	hero::Deallocate, hero::CalcMobility, game::PerDay, game::RandomizeHeroPool (SOURCE/HERO, SOURCE/GAME)	balance	Hero leaving the map is flagged in m_name[16] (offset 0x12) for the rest of the day; CalcMobility returns 1 while flagged; PerDay/RandomizeHeroPool clear it; killed or dismissed (not retreated) heroes are reset to level 1, 0 experience, class starting stats, no artifacts except a spell book for casters, no spells; runtime: TE.dll NOPs the flag store and the CalcMobility test (replaced by its hero+0x34 retreat state) and extends the reset to clear cowardice	Named accessor for the spare byte; reset in Deallocate; test in CalcMobility; clears in PerDay/RandomizeHeroPool	Flag stored in saves inside the name buffer; rules differ from retail; peers must match	implemented	TE.dll design: reset in hero::ResetToStartingState (also restores the Ballista stat byte); exe day flag not reproduced
X25	exe	code	0x4354ba-0x4354bc	game::RandomizeHeroPool (SOURCE/GAME)	balance	Starting hero experience Random(0,50)+40 becomes 0 (Random kept for RNG parity)	Constant change	New games only	implemented	
X26	exe	code	0x439c7d-0x439cd7	hero::HeroView (SOURCE/HERO)	ui	Returns 1 right after the dialog: no m_mobility recalculation or remaining-mobility clamp, gHeroWindShowing left set (adventure dialogs then centred); bytes reused for the damage rounding helper	If kept, explicit option; recommend keeping the gHeroWindShowing reset	Mid-turn movement recalculation differs from retail	differs	mobility refresh after the hero screen kept (its removal only freed bytes); gHeroWindShowing cleared on every exit
X27	exe	code	0x436bab-0x436bb8; cave 0x4448d9	game::ProcessOnMapHeroes (SOURCE/GAME)	bugfix	Map-placed heroes get m_mobility and m_remainingMobility from CalcMobility after their artifacts are granted	Two assignments	None	implemented	computed after the owner is set
X28	exe	code	0x40f969-0x40f970; cave 0x4447ad	advManager::DimensionDoor (SOURCE/ADVMGR)	bugfix	Target outside 0..71 takes the failure path instead of GetCell out of bounds	Bounds check	None	implemented	
X29	exe	code	0x4097c9-0x4097cc,0x4097d6-0x4097d8,0x4097e6; cave 0x43d078	advManager::HeroQuickView (SOURCE/ADVMGR)	ui	Name line becomes "%s: %d (%d)" with remaining and maximum movement; runtime: TE.dll hides it for foreign heroes unless ShowEnemyMobility=1	Format change behind the ShowEnemyMobility-style option	UI only	implemented	
X30	exe	code	0x433ba1; 0x433dfa-0x433e9b	game::PerWeek (SOURCE/GAME)	bugfix	Weekly tavern draw reserves each drawn hero (availability 0x40), then frees the previous week's pair; dead players' slots freed; no hero appears in two taverns	Rewrite tavern loop	Availability values saved; compatible	implemented	previous pair freed only if still reserved and not redrawn
X31	exe	code	0x431bf3-0x431c0b; cave 0x43cff1	game::ViewArmy (SOURCE/GAME)	ui	In combat (gInCombat) the Hit Points line shows the top creature's remaining hit points: "\n%s%d (%d)"	Extra branch	Requires army pointer when gInCombat	implemented	
X32	exe	code	0x42bdfa-0x42be00; cave 0x4447d8-0x444851	game::VisitObelisk (SOURCE/GAME)	bugfix	Pieces per obelisk = 48/count plus one for the first 48%count obelisks the player visited: all pieces revealed after all obelisks	Helper counting visited obelisks	None	implemented	
X33	exe	code	0x42bb87; 0x448c9b,0x449013; 0x450a5e,0x450a8e	ComputeUALoc, philAI::DoAI, philAI::ValueOfEventAtPosition	bugfix	playerData::m_ultimateArtifactHintChance read unsigned (values >127 no longer negative)	Make the field u8	None	implemented	
X34	exe	code	0x4265d8-0x426601	advManager::DoEvent (SOURCE/EVENTS)	bugfix	Shipwreck passes its own cell to GhostEvent instead of the tile the hero came from (guard size and reward read from the right cell)	Argument change	None	implemented	
X35	exe	code+rdata	0x44d5bc-0x44d5c3; 0x44d784; 0x44d7ab; cave 0x444734; rdata 0x48a620	philAI::QuickCombat, philAI::FightEvent (SOURCE/PHILAI)	balance	Roll Random(0,100) -> Random(0,99); win chance > 0.75 raised to 1.0; artifact transfer only at damage >= 1.0 (was > 0.99); shared constant 0.99 -> 1.0 also changes attackerDamage >= 0.99 and FightEvent dmg < 0.99	Literal and comparison edits	AI-vs-AI outcomes	implemented	0.99 users are QuickCombat and philAI::DamageGroup
X36	exe	code	0x44d0ed-0x44d151; helper 0x444852	philAI::FightValueOfStack (SOURCE/PHILAI)	bugfix	Morale and luck scaling of army worth computed in floating point (worth*(1+m/48) etc.) instead of overflowing integer multiply	Float arithmetic	AI valuation only	implemented	
D01	exe	rdata	0x48a368-0x48a36b	debug directory	none	PointerToRawData of the CodeView record 0xa9000 -> 0xd4000 (moved after the enlarged .rsrc)	Linker output, nothing to express	None	skipped-out-of-scope	linker artefact
D02	exe	data	0x490e37; 0x490f97	gDataPath, gAnimPath (SOURCE)	platform	".\DATA\" -> ".\DATA\EN\" and ".\ANIM\" -> ".\ANIM\EN\" (RU: RU); saves, high scores and AGG/video lookups follow	Build-time per-language path constant	Save files live under Data\xx	deferred	per-language DATA/ANIM folders belong to the edition media layout; the build keeps .\DATA\ and .\ANIM\
D03	exe	data	0x49124f	byte before "\TRACKS\" (Audio)	platform	Writes '.' before the "\TRACKS\" literal (".\TRACKS\" if read from 0x49124f); no static reference to the dotted form; PlayMusic is replaced at run time by TE.dll	Nothing; music path handled by the audio option	None	implemented	inert byte; music path handled by TE-OPT-6
D04	exe	data	0x9de28-0x9de50 (0x49de28)	loading banner (oldmain)	ui	"Загрузка Героев Меча и Магии (версия 1.1)" -> "# Загрузка Героев Меча и Магии TE 1.04 #"	Version string constant	None	implemented	
D05	exe	data	0x4967f9-0x496826	event text (demon cave reward)	text	Typo fix "поучаете" -> "получаете" (string shifted one byte into its padding)	Localization text edit	None	implemented	
D06	exe	data	0x499f61	morale/luck info "none" line	text	"\nнет" -> "\nНет"	Localization text edit	None	implemented	
R01	exe	rsrc	.rsrc	MENU MNUADV/MNUCMBT/MNUDFLT/MNUTOWN, DIALOG HEROES, ICON, GROUP_ICON	text	Russian (1049) menus/about dialog replaced by English (1033) ones in both EN and RU builds; about box reads "Heroes of Might and Magic / Tournament Edition 1.05 f3 / with plugins support"; icon/group icon unchanged	Resource script per language; version text from one constant	None	differs	menus stay in the program language; About box shows the edition version (catalog)
R02	exe	rsrc	.rsrc	CURSOR/GROUP_CURSOR ids 20-94 (language neutral)	ui	75 colour cursors (32x32, 8 bpp) added for X07	See X07	None	skipped-out-of-scope	cursor art unused in the shipped configuration (see X07)
RT-LOAD-1	H1TE_xx.bat	launcher	start /AFFINITY 1	-	platform	pins the game to CPU 0	out of scope (document only)	none	skipped-out-of-scope	launcher
RT-LOAD-2	Loader_xx.dll	plugin loader	DllMain 0x10001350	-	framework	loads .\Plugins\xx\*.dll with LoadLibraryW; .dl_ files are skipped; on failure shows the 'Plugin Loader' message box	out of scope: source build compiles changes in	none	skipped-out-of-scope	framework
RT-FW-1	patcher_x86.dll	hook engine	_GetPatcherX86@0	-	framework	patcher_x86 4.18.2.0 runtime hooking used by all plugins	out of scope	none	skipped-out-of-scope	framework
RT-FW-2	WING32.dll	renderer wrapper	config.ini [Wrapper]/[Colors]/[FunktionKeys]	WinG API	framework	OpenGL/GDI WinG replacement (HeroesGL 1.7.0): windowed mode, filters, colour pipeline; loads mods\*.mod; presumed registry-to-config.ini [Application] redirect (inferred)	out of scope (drop-in DLL)	none	skipped-out-of-scope	renderer wrapper
RT-FW-3	WINMM.dll	proxy	all exports	-	framework	pass-through proxy to the system WINMM.dll, no added behaviour	out of scope	none	skipped-out-of-scope	proxy DLL
RT-FW-4	MSS32.DLL	audio library	-	-	framework	Miles V3.6C replacing retail V3.50F	out of scope	none	skipped-out-of-scope	redistributable
RT-FW-5	mods\cdda.mod	wrapper mod	mciSendStringA/_AIL_redbook_*	-	framework	CD-audio emulation from .\Tracks/.\Tracks2/.\MUSIC (mp3/flac/ogg/wav); possibly inert because the Buka exe already uses audiere (unresolved)	out of scope	none	skipped-out-of-scope	cdda.mod
RT-FW-6	mods\hi_combat.mod	wrapper mod	[HI_COMBAT] ShadowMovement/EnableGrid/ShadowCursor/Speed	combatManager::DrawFrame, DrawBackground, ProcessCombatMsg, Main; AppWndProc; AppInit	ui	combat hex grid, movement-range shadow, shadow cursor, combat speed menu (version-keyed address tables; first record matches this build)	out of scope initially; optional future source options in combat drawing	none (local display)	skipped-out-of-scope	hi_combat.mod
RT-FW-7	Help\winhlp32.exe	help viewer	-	-	platform	WinHelp 4.90 for HEROES.HLP	out of scope	none	skipped-out-of-scope	help viewer
TE-OPT-1	TE.dll	option	<ShowEnemyMobility>	advManager::HeroQuickView (cave via EarlySetup+b2 0x43d07d)	ui	0: movement-points line in hero quick view only for own heroes; 1: also for enemies	new option + source edit in advManager::HeroQuickView	none (display only)	implemented	registry preference HMM1 ShowEnemyMobility
TE-OPT-2	TE.dll	option	<SoftRetreatSurrender>	philAI::BuildHero, townManager::RecruitHero	balance	re-hired retreated/surrendered hero: 0 = no movement that day; 1 = keeps leftover movement (min 1)	new option	MP desync if peers differ	implemented	HMM1 SoftRetreatSurrender
TE-OPT-3	TE.dll	option	<SlightlyHarderAI>	philAI (see TE-AI-*)	balance	enables the AI valuation hook block	new option	MP desync; AI-only	implemented	HMM1 SlightlyHarderAI
TE-OPT-4	TE.dll	option	<CheatMode>	advManager::Main	ui	0 no digit cheats, 1 original 101495 only, 2 extended codes (shipped value 2; code default 1)	new option	none	implemented	HMM1 CheatMode, default 2 as shipped
TE-OPT-5	TE.dll	option	<OriginalCheatKeys>	InterpretCommandLine+13 (0x43de25)	ui	1: giDebugLevel starts at 1, enabling F3-F12 debug cheats (and bypassing the quicksave hook)	new option setting initial giDebugLevel	none	implemented	HMM1 OriginalCheatKeys
TE-OPT-6	TE.dll	option	<LosslessAudio>	PlayMusic+11b (0x469418)	platform	music from <cwd>\Audio\Track NN.flac (1) or <cwd>\Tracks\NN-AudioTrack NN.ogg (0) instead of CD path	new option + source edit in PlayMusic	none	implemented	HMM1 LosslessAudio; audiere plays FLAC through the same call
TE-TXT-1	TE.dll	ini text	[Texts] <Visited>/<SavedSuccessfully>/<LoadQuicksave>/<FileNotFound>	-	text	strings for (Visited) quick info and quicksave dialogs	data/text change (localisation table)	none	implemented	catalog entries in the game's id scheme, English and Russian
TE-FIX-1	TE.dll	LoHook	0x447fc5	philAI::CheckBuyStuff+1fe	bugfix	AI buys a boat only if dock cell (x-1,y+1) has no trigger and no hero flag	source edit in philAI::CheckBuyStuff	MP desync	implemented	
TE-FIX-2	TE.dll	LoHook	0x461311	townManager::Main+b36	bugfix	shipyard: drops the faulty cursorX!=x-1 && cursorY!=y+1 test (refused boats when hero shared dock row or column)	source edit in townManager::Main	MP desync (map state)	implemented	also refuses a dock under the hero cursor
TE-FIX-3	TE.dll	LoHook	0x415490	army::SpecialAttack+c3c	bugfix	Elves' second shot requires shots >= 1	source edit in army::SpecialAttack	MP desync (combat)	implemented	
TE-FIX-4	TE.dll	WriteByte	0x44d72e=0x14; 0x44d764=0xEC	philAI::QuickCombat+20d/+243	bugfix	defender win: ApplyBattleWinTemps on defenderHero and GiveExperience with the attacker-side experience	source edit in philAI::QuickCombat	MP desync (AI vs AI resolution)	implemented	
TE-FIX-5	TE.dll	LoHook	0x44d708	philAI::QuickCombat+1e7	balance	attacker win: losing defender hero also gets loss temps + cowardice	source edit in philAI::QuickCombat	MP desync	implemented	
TE-FIX-6	TE.dll	LoHook	0x44d6df	philAI::QuickCombat+1be	balance	auto-resolved town battle: attacker +500 experience	source edit in philAI::QuickCombat	MP desync	implemented	
TE-FIX-7	TE.dll	LoHook	0x451077, 0x451084	recruitUnit::Open+17e/+18b	bugfix	max recruitable count kept 32-bit (no i16 truncation); writes a dword at +0x50 spilling into the following field	source edit in recruitUnit::Open (widen field properly)	low (transient dialog state)	implemented	clamped before the i16 store; no dword store over the next field
TE-FIX-8	TE.dll	LoHook	0x40c91a, 0x40cba5, 0x40c9e6, 0x40cc71	advManager::ViewWorld+6d7/+962/+7a3/+a2e	bugfix	View World: hero-on-mine handling; mine letter no longer indexed by hero id (TE reads hero+0x23 m_locationType, likely intended +0x24 m_occupiedTown - verify)	source edit in advManager::ViewWorld	none (display)	implemented	letter from m_mines[hero.m_occupiedTown] (+0x24); TE read +0x23 out of range
TE-BAL-1	TE.dll	WriteByte+WriteJmp	0x434a8a=0x40; 0x434a9d->0x434ac8	game::RandomizeTown+46c/+47f	balance	random castle no longer gets free Dwelling 1 nor initial garrison	source edit in game::RandomizeTown	MP desync (map generation); save-neutral	implemented	affects customized random castles only
TE-UI-1	TE.dll	WriteByte	0x4314d4=0xEB	ViewSpellsHandler+436	bugfix	removes the id==10 forward-as-select path in the spell book (purpose unresolved)	source edit in ViewSpellsHandler	none	implemented	
TE-MAP-1	TE.dll	LoHook	0x434d89	game::SetupTown+202	bugfix	writes the town index into m_objectMetadata for the 4x3 town footprint cells	source edit in game::SetupTown	MP desync (map state); affects saves only by consistent metadata	implemented	event objects inside the footprint keep their metadata
TE-RS-1	TE.dll	LoHook	0x4213af	combatManager::ProcessNextAction+2ef	balance	retreat marks hero+0x34 (m_primaryStats[4]) = 0xFE	source edit + name the field (hero flee state)	save format semantics change; MP desync	implemented	state in hero::m_fledState
TE-RS-2	TE.dll	LoHook	0x4213b4	combatManager::ProcessNextAction+2f4	balance	surrender: human marks hero 0xFF and sets the cost; AI calls DoSurrender and, if refused, casts its best damage spell (11/15/16/17/0/1)	source edit in combatManager::ProcessNextAction	MP desync	differs	computer offer has its own text and portrait; refused, it casts the best of the six spells by the AI spell evaluator; offered only against a hero
TE-RS-3	TE.dll	LoHook	0x411d6f	combatManager::AICheckRetreat+70f	balance	AI surrenders (keeps army) instead of retreating when gold >= surrender cost + 2500	source edit in combatManager::AICheckRetreat	MP desync	implemented	
TE-RS-4	TE.dll	LoHook	0x44e559	philAI::BuildHero+ac	balance	AI re-hiring a surrendered hero keeps his army (skips SetRandomHeroArmies)	source edit in philAI::BuildHero	MP desync	implemented	
TE-RS-5	TE.dll	LoHook	0x44e593, 0x464e7a	philAI::BuildHero+e6, townManager::RecruitHero+433	balance	re-hired fled hero movement: 0 that day, or leftover with SoftRetreatSurrender; resets state to 1	source edit + option	MP desync	implemented	
TE-RS-6	TE.dll	LoHook	0x433a56	game::PerDay+388	balance	daily reset of hero+0x34 to 1 for all heroes (then continues into exe cave)	source edit in game::PerDay	save semantics of +0x34	implemented	
TE-RS-7	TE.dll	WriteCodePatch NOPs	0x442254 (9 B), 0x442266 (18 B)	exe cave in IsCDDrive (hero::Deallocate / hero::CalcMobility extensions)	balance	disables the exe's own hero+0x12 flag / mobility=1 mechanism (superseded by TE-RS-*)	fold into one source implementation; do not reproduce the exe cave	none if folded	implemented	exe mechanism not reproduced
TE-RS-8	TE.dll	LoHook	0x44495b, 0x44495e	exe cave in SetupCDDrive (hero reset path)	balance	hero reset also clears m_cowardice; clears gbCombatSurrender	source edit in hero reset (hero::Deallocate path)	save semantics	implemented	gbCombatSurrender also cleared after every combat
TE-MOR-1	TE.dll	HiHook	0x43a89e	hero::ApplyBattleLossTemps	balance	non-surrender loss: m_cowardice -1 (floor -3) then normal temp cleanup	source edit in hero::ApplyBattleLossTemps	save semantics (m_cowardice now nonzero); MP desync	implemented	
TE-MOR-2	TE.dll	HiHook	0x43a725	hero::ApplyBattleWinTemps	balance	win: m_cowardice +1 up to 0	source edit in hero::ApplyBattleWinTemps	save semantics; MP desync	implemented	
TE-MOR-3	TE.dll	HiHook	0x4184ee	armyGroup::GetMorale	balance	adds m_cowardice; drops Fizbin of Misfortune -2 (moved to luck by the exe patch)	source edit in armyGroup::GetMorale	MP desync	implemented	
TE-AI-1	TE.dll	LoHook	0x44e302	philAI::ChooseEvaluateBattle+8d	balance	AI rejects battles with win chance <= 0.75 (SlightlyHarderAI)	option-gated source edit	MP desync	implemented	
TE-AI-2	TE.dll	LoHook	0x44f66e, 0x44fe98, 0x44fb48	philAI::ValueOfEventAtPosition+6ba/+ee4/+b94	balance	event value -32000 when gWinChance <= 0.75 (SlightlyHarderAI)	option-gated source edit	MP desync	implemented	
TE-AI-3	TE.dll	LoHook	0x44f261	philAI::ValueOfEventAtPosition+2ad	balance	own-object valuation -1000 instead of 0 (SlightlyHarderAI)	option-gated source edit	MP desync	implemented	
TE-AI-4	TE.dll	WriteDword x18	0x44f3c6 0x44f628 0x44f6d8 0x44f729 0x44fedf 0x44ff84 0x4501dd 0x450209 0x45024a 0x4503ce 0x450421 0x4505e2 0x4507b5 0x45086a 0x4509d4 0x450a3f 0x450a4e 0x450ad6	philAI::ValueOfEventAtPosition	balance	neutral valuations 0/-100/-200 become -1000 (SlightlyHarderAI)	option-gated source edit (named constant)	MP desync	implemented	
TE-AI-5	TE.dll	LoHook	0x448be8	philAI::DoAI+179	balance	planning horizon mobility+0x7E instead of +0x2A (SlightlyHarderAI)	option-gated source edit	MP desync	implemented	
TE-AI-6	TE.dll	HiHook	0x44b644	philAI::CreaturesToBuy	balance	buy at most 80% of the buyable maximum (SlightlyHarderAI)	option-gated source edit	MP desync	implemented	
TE-AI-7	TE.dll	LoHook	0x427d22	advManager::DoAIEvent+45	balance	AI no longer loses 1 movement point per event visit (SlightlyHarderAI)	option-gated source edit	MP desync	implemented	
TE-CH-1	TE.dll	LoHook	0x402f58	advManager::Main+5cd	ui	CheatMode=0 ignores the digit cheat sequence	option-gated source edit	none	implemented	
TE-CH-2	TE.dll	LoHook	0x402f71	advManager::Main+5e6	ui	CheatMode=2 extended codes 101496-101500, 101501-101510, 101600-101627, 101700-101737 (resources, town, movement, artifacts/spells, levels, creatures, artifacts)	option-gated source edit in advManager::Main	none (cheat flags not saved)	implemented	levels added to the level computed from experience
TE-CH-3	TE.dll	LoHook	0x404650, 0x404a0c, 0x424b43, 0x424c68, 0x4331ee, 0x439566, 0x439629, 0x43d27f	advManager::ProcessSearch, advManager::DoEvent, game::NextPlayer, hero::AddSpell, oldmain	ui	support for the unlimited-movement / unlimited-spells cheat flags (per player x hero tables, cleared at startup)	source edit with cheat state	cheat state lost on load (not saved)	implemented	
TE-QOL-1	TE.dll	LoHook	0x402caa	advManager::Main+31f	ui	F5 quicksave (QUICKSAVE), F9 quickload with confirmation (QUICKSAVE.GMn / .CGM), disabled in network games	source edit in advManager::Main	none (uses normal save format)	implemented	F9 reloads through the main loop; refused in network games; file checked in the games folder
TE-QOL-2	TE.dll	LoHook	0x4075d5	advManager::QuickInfo+35f	ui	right-click shows (Visited) on used objects	source edit in advManager::QuickInfo	none	implemented	
TE-QOL-3	TE.dll	LoHook	0x408ebb	advManager::UpdBottomViewKingdom+245	ui	resource totals abbreviated %dk/%dm	source edit	none	implemented	
TE-QOL-4	TE.dll	LoHook+bytes	0x4092ce 0x40930e 0x40941c 0x4094ae; 0x409292 0x40929c 0x4092a4 0x4092a6	advManager::UpdBottomViewHero	ui	hero panel army drawn right-to-left, counts >= 10000 as %dk, label offsets	source edit	none	implemented	
TE-QOL-5	TE.dll	LoHook	0x413c52, 0x413c7f	army::DrawToBuffer+41e/+44b	ui	battlefield stack count >= 1000 as %dk, +1 px	source edit	none	implemented	
TE-QOL-6	TE.dll	LoHook	0x41af66 0x41b452 0x41b60b 0x41b249 0x41b835 0x41b9aa 0x41bac3 0x41bb88	combatManager::CatAttack	bugfix	catapult animation redraws full screen and adds a final DrawFrame (removes residue)	source edit in combatManager::CatAttack	none	implemented	
TE-QOL-7	TE.dll	LoHook	0x43b294	HeroHandler+1df	ui	next-level experience +1 at level >= 12 (purpose inferred)	source edit	none	implemented	uses the level computed from experience
TE-UNR-1	TE.dll	LoHook	0x459020, 0x4592bb	combatManager::DetermineEffectOfSpell+aa/+345	bugfix	spell-effect evaluation replaced by TE routine 0x10001a20 (semantics unresolved)	investigate before porting	MP desync	implemented	decoded: the AI skips Bless/Curse on fixed-damage stacks
TE-SCR-1	TE.dll	LoHook	0x424b0d	advManager::DoEvent+bd	balance	new MAP_OBJECT_MEGALITH event: Paladin stronghold (10 Paladins, reward 10 Ghosts; cell metadata 1/2 state); texts English in both builds	source edit in advManager::DoEvent + localisable texts	map/save semantics of megalith metadata; MP desync	implemented	entry asked only while guarded; Russian texts new
TE-SCR-2	TE.dll	LoHook	0x41a373, 0x420214	combatManager::LoadIcons+7b, combatManager::DoVictory+3a3	ui	campaign scenario 8, hero at (41,37): dirt.xtl battlefield and victory track 0x2D	source edit (scenario-specific)	none	implemented	final Dragon City battle; requires a campaign and tests the attacking hero
TE-SCR-3	Games\PaladinStronghold.GM1	save game	-	-	balance	bundled save showcasing the stronghold (77,663 B)	out of tree data (never commit)	n/a	skipped-out-of-scope	bundled save (media)
TE-RU-1	TE.dll (RU)	LoHook	0x43da18	oldmain+954	bugfix	re-implements gEndSequence==2 path (PlaySmacker 4,5); behaviourally identical, purpose unresolved	none	none	implemented	behaviour-neutral: no change
PL-FS-1	fsfix.dll	WriteHexPatch	0x44427d (30 B)	ReadPrefs+2ee	platform	restores retail registry read of HMM1 GameFullScreen that the exe patch removed (net = retail)	no source change (keep retail ReadPrefs)	none	implemented	retail full-screen read kept
PL-BW-1	ReturnBWCursors.dll	WriteHexPatch	0x46b98f (1469 B)	mouseManager::SetPointer+dd	ui	restores retail SetPointer bytes (B/W cursors), undoing the exe cursor rewrite (net = retail)	keep retail; model exe cursor rewrite as default-off option if wanted	none	implemented	retail cursors kept
PL-CPU-1	CPUPatchAdv.dll	WriteByte + timeBeginPeriod	0x44377c=1	Process1WindowsMessage+7	platform	Sleep(0) inserted by exe becomes Sleep(1); 1 ms timer period	source edit in Process1WindowsMessage + startup/shutdown	none	implemented	see X04
PL-TXT-1	EnglishTexts.dll/.ini (EN)	string table + 275 push-site redirects	[ART..XSTR] families; tables 0x49257c..0x492554	many (oldmain, ProcessSearch, DoAttack, CheckEndGame, ...)	text	English text set for the Russian executable; Format option for battle status bar	data/text change: per-language string tables	none	differs	English locale keeps the original English catalog; new edition strings carry English
PL-TXT-2	EnglishTexts.dll (EN)	LoHook	0x43da02 0x43f103 0x415318 0x4152ca 0x4165b5 0x416573 0x415816 0x4157d4 0x4380b8 0x437fa4 0x4239cb 0x423907 0x423863 0x431261 0x43114e 0x46420f	oldmain, NormalDialog, army::SpecialAttack, army::DoAttack, army::DoHydraAttack, game::DoNewTurn, combatManager::CombatMessage, ViewSpellsHandler, MageGuildHandler	text	English grammar/plural formatting of messages	source edit in the formatting functions	none	deferred	English plural hooks (creatures perish, week/month) not ported; shot counts use catalog count forms
PL-TXT-3	EnglishTexts.dll (EN)	WriteByte	0x46f32c=0x74	inputManager::AsciiConvert+273	text	keyboard types Latin unless a modifier is held (Cyrillic translation inverted)	language option in inputManager::AsciiConvert	none	implemented	the English locale descriptor types Latin (no Ctrl-Cyrillic)
PL-TXT-4	MinerTexts.dll/.ini (RU)	string table + hooks	same tables; hooks 0x472152 0x471f9f HiHook 0x471ef2 0x43da02 0x4239cb 0x423907 0x423863 0x431261 0x43114e 0x46420f 0x43afc6 0x45d0ba 0x45e71f 0x43974e 0x46606a; bytes 0x42e2fd/0x42e2ff	font::DrawString, font::DrawBoundedString, CP1251 glyph mapping, CombatMessage, ViewSpellsHandler, MageGuildHandler, UpdateHeroScreenStatusBar, swapManager, hero::HeroView, combatManager::ViewGeneral, game::ShowCampaignInfo	text	revised Russian texts, extra glyph handling, formatting, campaign-info window moved	data/text + source edits (RU)	none	differs	461 revised texts, case-form tables, glyphs, campaign words; hero titles keep name-first order; campaign info window position not moved (needs edition art)
PL-YO-1	Yo.dll (RU)	LoHook + WriteDword	0x476161, 0x476170; 0x454d88	textEntryWidget::Main+560/+56f; fileRequester::Main+4fb	text	Yo (Ё/ё) input; filename charset adds «»№	source edit (RU text input)	none	implemented	keyboard mapping in locales/ru.json
PL-OFF-1	fixBalance.dl_ (disabled)	WriteByte + data writes	0x438dab 0x438dc4 0x438de7; gCampaignScenarios 0x491ce0	game::RandomizePlayerCrests; gCampaignScenarios	balance	harder campaign: AI difficulty 4, no human starting resources, gang-up flag, crest mapping shifted (scenarios 4-7 semantics unresolved)	optional campaign option; off by default	campaign saves	deferred	disabled plugin; crest mapping for scenarios 4-7 unresolved
PL-OFF-2	ReturnSMKVideos.dl_ (disabled)	WriteHexPatch	0x458d56	PlaySmacker+62	ui	restores call SmackMain that the exe NOPs (videos disabled by default in TE)	option PlayVideos (default per TE: off)	none	implemented	PlayVideos preference
PL-OFF-3	ScheduledMessages.dl_ (disabled) + .ini	LoHook	0x4334a3, 0x43d952	game::NextPlayer+517, oldmain+88e	ui	ini-scripted day messages per map/campaign scenario (sample ini)	optional feature; low priority	none	deferred	disabled plugin, sample data only
RT-CFG-1	config.ini	ini	[Application] HMM1 *	ReadPrefs/WritePrefs	platform	game preferences stored in config.ini instead of the registry (presumed wrapper redirect)	source option: ini-backed prefs (or keep registry)	none	differs	preferences stay in the registry (the game's own mechanism)
RT-CFG-2	config.ini	ini	[Wrapper] Language	-	platform	1033 EN / 1049 RU (only EN/RU difference)	out of scope	none	skipped-out-of-scope	renderer wrapper
RT-DATA-1	Data\xx\HEROES.AGG	resource archive	876 (EN) / 879 (RU) entries	-	ui	EN: English art (82 changed + RCRTHER1.BIN); RU: 41 changed + RCRTHER1.BIN + 3 .BAK leftovers; common: combat terrain XTL, CASTLE00-03, TENT, FONT, SMALFONT	out of tree resource pack (never commit)	none	skipped-out-of-scope	media
RT-DATA-2	Help, Anim, HS	data	HEROES.HLP/.CNT, INTRO.SMK, STANDARD.HS/CAMPAIGN.HS	-	text	EN ships original English help, intro and high scores; RU equals retail Buka	out of tree	none	skipped-out-of-scope	media
BUG-AI-1	source	code	SOURCE/PHILAI	philAI::EvaluateOneTimeCreaturePurchase	bugfix	The value of the stack a purchase would replace was read from gMonsterDatabase[slot], the slot number taken as a creature type	Use the slot's creature type	AI purchases; MP peers must match	implemented	reproduction: a computer hero with a full army choosing between dwellings; the replaced stack's value now follows its creature
BUG-AI-2	source	code	SOURCE/PHILAI	philAI::MaxBuyableCreatures	bugfix	The loop over the creature's costs kept only the last resource's count (gold), so a creature was "affordable" without its wood, ore or rare resource	Minimum over the resources the creature costs	AI purchases; MP peers must match	implemented	reproduction: a computer player with gold but no sulfur offered a creature that costs sulfur buys none
BUG-AI-3	source	code	SOURCE/PHILAI	philAI::ValueOfEventAtPosition	bugfix	gMapVisitFlags[x][y] && gCurPlayerBit (logical for bitwise and): a site visited by any player counted as known to the current one	Bitwise test of the player's bit	AI valuation; MP peers must match	implemented	reproduction: a site visited only by another player is valued as unknown again
BUG-AI-4	source	code	SOURCE/SEARCH	searchArray::BuildPath	bugfix	The check that a node belongs to its cell used && where || is meant, so a stale node from an earlier search passed when one coordinate matched (routes followed and drawn through it)	Either coordinate differing rejects the route	AI movement, route display	implemented	reproduction: a node whose x matches but y does not ends the path empty
BUG-AI-5	source	code	SOURCE/PHILAI	ResetHeroRVs	bugfix	The distance to each hero took the hero's m_x for the y difference	Use m_y	AI valuation	implemented	reproduction: heroes on the same column far apart in y were reset as near
BUG-AI-6	source	code	SOURCE/EVENTS, SOURCE/PHILAI	advManager::DoAIEvent, advManager::GiveRandomArtifact, advManager::GhostEvent, philAI::FightEvent, philAI::HeroInteractionAtTown, philAI::ValueOfEventAtPosition	bugfix	A computer hero with 14 artifacts took artifacts it had no slot for (GiveArtifact's no-slot result ignored): map artifacts were removed, skeleton, daemon cave and huge ghost site artifacts lost, the spell book paid for and not given	A full hero leaves map artifacts in place and values them at nothing; a site's random artifact is paid as gold (as when none is left; the daemon cave pays its 2500); the spell book is paid only when given. The huge ghost site's dialog shows the 1000 gold that replaces its artifact	AI events; MP peers must match	implemented	reproduction: a computer hero carrying 14 artifacts visiting an artifact, a skeleton or a daemon cave keeps or is paid for it
BUG-CMB-1	source	code	SOURCE/ARMY	army::GoBerserk	bugfix	A berserk flier drew random hexes until one held a stack it could reach, without end when none could be reached; a berserk walker that drew a blocked direction ended with no action set, so its side's player or the computer moved it	Bounded draws on the existing try counter; a walker draws again after a blocked direction; a stack that finds nothing waits out its turn	Combat; MP peers must match	implemented	reproduction: Berserker on a flier whose only other stacks are out of its reach, or on a walker hemmed in on three sides
BUG-CMB-2	source	code	SOURCE/ARMY	army::Init	bugfix	The commander's Attack and Defense were added into the stack's 8-bit attack and defense, which wrapped negative above 127 (a hero with Attack about 100 or more)	The sum is held at 127	Combat; MP peers must match	implemented	reproduction: a hero with Attack 120 leading Dragons fights with attack 127, not -107
BUG-ADV-1	source	code	SOURCE/EVENTS	advManager::DoEvent (MAP_OBJECT_SKELETON)	bugfix	A hero with all 14 artifact slots full was told he found 1000 gold at a skeleton holding an artifact, but none was given	The skeleton calls GiveRandomArtifact, which pays the gold when there is no free slot	None	implemented	reproduction: a hero carrying 14 artifacts visits a skeleton with an artifact; the treasury gains 1000
BUG-ADV-2	source	code	SOURCE/ADVMGR	advManager::SummonBoat	bugfix	Beside the map's edge a direction off the map was tried: GetCell returned cell (0,0), and if that was free water the boat was put there with x or y of -1 or 72	Directions off the map are skipped	None	implemented	reproduction: cast Summon Boat with the hero on the edge of SEL21234
BUG-ADV-3	source	code	SOURCE/EVENTS	advManager::DoEvent, advManager::DoAIEvent (MAP_OBJECT_CAMPFIRE)	bugfix	Taking a campfire cleared the ambient sound of the cell at the view's centre (the hero's own cell, or any cell for a computer hero) instead of the campfire's	The campfire's cell	None	implemented	reproduction: take a campfire next to a sound source; the other sound keeps playing
BUG-ADV-4	source	code	SOURCE/ADVMGR	advManager::PuzzleDraw	bugfix	Puzzle cells off the map drew the stone border and then the objects of cell (0,0) over it	Off-map cells draw only the border	None	implemented	reproduction: an ultimate artifact near the map's edge; the puzzle's border cells show no trees or mountains
BUG-ADV-5	source	code	SOURCE/GAME	game::ProcessMapExtra	bugfix	Shipped maps keep a hero (DNL3, HNM1) or a town away from every town (AES3, HNM1, PNM3) as the secondary trigger under another object; removing the object (PNM3's monsters) uncovered a hero or town cell without a record, and clicking it showed or selected hero or town 0. UHS6's resources lie on a town's own cells, which name their town since TE-MAP-1	At game start such secondary triggers are dropped (a town's own cells keep theirs); the maps are not changed	Map state at game start	implemented	reproduction: PNM31234, defeat the monsters at (7,45) or (33,61) and click their cells
BUG-CAM-1	source	code	SOURCE/GAME	game::RandomizePlayerCrests	bugfix	Player i's campaign crest was read at playerCrests[i], one entry late: the enemy lord of scenarios 5-8 never got the crest the table gives him (2, 1, 3, 0), and the fourth player read past the three-entry table; all crests ended up random. A crest the table gives that was already taken would also have looped without end	Read playerCrests[i - 1]; an open or taken crest is drawn at random	Campaign start	implemented	reproduction: start campaign scenario 5 with a blue crest; the lord's crest is red (2)
BUG-TWN-1	source	code+text	SOURCE/TOWNMGR; table.gWinSetupText.63/.64	townManager::GetCategoryStats	bugfix	The Thieves' Guild counted crystal with wood and ore ("Wood, Crystal & Ore"), though crystal mines yield one a day like the rare resources' and wood and ore mines two	Wood and ore together, crystal with gems, sulfur and mercury; the labels read "Wood & Ore:" and "Rare Resources:" (the longer list does not fit the 225-pixel label)	None	implemented	reproduction: a player with 20 crystal and no wood or ore ranks first in rare resources, not in wood and ore
BUG-TWN-2	source	code	SOURCE/TOWNMGR	townManager::RecruitHero	bugfix	The recruit window made the current player the owner of both tavern heroes while it was open and afterwards set the other hero's owner to none, whatever it had been: a hero offered in two taverns (the original tavern defect, X30) and bought by one player lost its owner when the other opened the window	Only the recruited hero gets the player as owner, before its movement is computed	None	implemented	reproduction: (original tavern) the same hero in two taverns, bought by one player; the other player's recruit window leaves him owned
