# Retail data starts and kinds; identities come from source DATA claims.
rva	kind
0x0008e180	
0x0008e5a8	
0x0008e94c	
0x0008e950	
0x0008e954	
0x0008e9fc	
0x0008f590	
0x0008f594	
0x0008f59c	
0x00092e14	
0x00092e28	
0x00092e2c	
0x00092e30	
0x00094180	
0x0009fe74	
0x0009fe78	
0x000a11ac	
0x000a11bc	
0x000a11d0	
0x000a11f0	
0x000a1298	
0x000a129c	
0x000a12b8	
0x000a12bc	
0x000a12d8	
0x000a12dc	
0x000a12f8	
0x000a12fc	
0x000a1318	
0x000a1324	
0x000a1328	
0x000a13d0	
0x000a13d4	
0x000a13d8	
0x000a13f4	
0x000a13f8	
0x000a13fc	
0x000a140c	
0x000a1410	
0x000a1414	
0x000a1424	
0x000a1428	
0x000a142c	
0x000a143c	
0x000a1458	
0x000a1cb8	
0x000a1cbc	
0x000a1cc0	
0x000a1cc4	
0x000a1cc8	
0x000a1ef0	
0x000a1ef4	
0x000a1f0c	
0x000a1f24	
0x000a1f50	
0x000a2050	
0x000a2054	
0x000a2080	
0x000a2180	
0x000a2280	
0x000a2768	
0x000a2ec8	
0x000a33b0	
0x000a33f0	
0x000a3430	
0x000a3434	
0x000a3438	
0x000c5620	
0x000c562c	
0x000c5640	
0x000c6bc4	
0x000c6c00	
0x000c7e8c	
0x000c8140	
0x000c8144	
0x000c8158	
0x000ca958	
0x000cadb0	
0x000cb138	
0x000cb268	
0x000cb970	
0x000cbaa0	
0x000cbbd0	
0x000cc2d8	
0x000cc408	
0x000cc9e8	
0x000ccda0	
0x000ceda4	
0x000cedb0	
0x000d0db8	
0x000d12a0	
0x000d1a04	
0x000d1a08	
0x000d2a48	
0x000d4c4c	
0x000d4c50	
0x000d4c58	
0x000d5140	
0x000d5144	
0x000d5148	
0x000d514c	
0x000d5150	
0x000c6f58	
0x0008e17c	
0x0008e5ac	
0x0008e5a4	
0x0008e184	
0x0008e198	
0x0008e190	
0x0008e59c	
0x00092e08	
0x00092e0c	
0x00094130	
0x00094134	
0x000a4bf0	
0x0008e5b0	
0x0008e5c4	
0x0008e5b4	
0x0008e5c0	
0x0008e824	
0x0008e800	
0x000913a0	
0x0008e8c0	
0x0008e5b8	
0x0008e5bc	
0x0008e904	
0x0008e5e8	
0x0008e60c	
0x0008e670	
0x0008e848	
0x0008e84c	
0x0008e948	
0x0008e6f8	
0x000a5020	
0x000a4b58	
0x000a4b68	
0x000a4b50	
0x000a4b80	
0x000a4b78	
0x0008e674	
0x00093030	
0x000afc04	
0x000afc0c	
0x000c5290	
0x0008c000	vtable
0x00094170	
0x000c7dfc	
0x000a1bb8	
0x000a1bbc	
0x000c7200	
0x0008eb18	
0x0008eb20	
0x0008eb30	
0x0008eb3c	
0x0008eb40	
0x0008eb44	
0x0008eb48	
0x000a5030	
0x000a5034	
0x000a5038	
0x000a503c	
0x000a5040	
0x00090d50	
0x00090d54	
0x00090abc	
0x00094128	
0x0009412c	
0x0008f214	
0x0008f234	
0x0008f26c	
0x0008f4d4	
0x0008f510	
0x00090cfc	
0x0008ed8c	
0x0008e178	
0x00091058	
0x00091078	
0x00091098	
0x000910d8	
0x00091140	
0x00091180	
0x000911a0	
0x000911c0	
0x000912d0	
0x000912f0	
0x00091310	
0x00091320	
0x00091350	
0x000913b8	
0x00091428	
0x000914f0	
0x00091500	
0x00091520	
0x00091580	
0x00091820	
0x00091828	
0x00091830	
0x00091838	
0x00091848	
0x00091868	
0x00091a68	
0x00091a98	
0x00091ab8	
0x00091b28	
0x00091b48	
0x00091bdc	
0x00091be0	
0x00091d40	
0x00091ea0	
0x00092000	
0x00092018	
0x00092030	
0x00092038	
0x00092058	
0x00092060	
0x000923c8	
0x00092470	
0x00092514	
0x00092518	
0x00092590	
0x00092598	
0x000925f8	
0x00092638	
0x00092738	
0x00092758	
0x000927c8	
0x00092838	
0x00092948	
0x00092950	
0x00092c50	
0x00092c58	
0x00092c60	
0x00092c68	
0x00092cf8	
0x00092d00	
0x00092e00	
0x00092e04	
0x00092e10	
0x00092e18	
0x00092e1c	
0x00092e20	
0x00092e24	
0x00092e34	
0x00092e38	
0x00092e40	
0x0009302c	
0x00093034	
0x00093038	
0x00093040	
0x00093044	
0x00093048	
0x000930e0	
0x00093178	
0x00093210	
0x00093228	
0x00093240	
0x00093250	
0x000932c0	
0x00093330	
0x000933a8	
0x000933c8	
0x00093428	
0x00093448	
0x00093468	
0x00093568	
0x000935f8	
0x00093730	
0x00093748	
0x00093760	
0x00093778	
0x00093798	
0x000937b8	
0x000937e8	
0x00093800	
0x00093810	
0x00093828	
0x000938a0	
0x000938c8	
0x00093908	
0x00093968	
0x00093998	
0x000939e8	
0x00093a20	
0x00093a50	
0x00093a54	
0x00093a58	
0x00093a5c	
0x00093a60	
0x00093a78	
0x00093a98	
0x00093ab0	
0x00093ad8	
0x00093ae8	
0x00093b08	
0x00093b20	
0x00093b38	
0x00093b60	
0x00093b70	
0x00093b80	
0x00093bd8	
0x00093bf0	
0x00093d10	
0x00093d40	
0x00093d68	
0x00093d80	
0x00093d98	
0x00093db0	
0x00093dc8	
0x00093de0	
0x00093df0	
0x00093e00	
0x00093e10	
0x00093e28	
0x00093e38	
0x00093e48	
0x00093e78	
0x00093e98	
0x00093ef0	
0x00093f00	
0x00093f18	
0x00093f40	
0x00093f68	
0x00093f90	
0x00093fa0	
0x00093fb0	
0x00093fc8	
0x00093fe0	
0x00093ff8	
0x00094008	
0x00094118	
0x0009411c	
0x00094120	
0x00094124	
0x00094138	
0x0009413c	
0x00094140	
0x00094144	
0x00094148	
0x0009414c	
0x00094150	
0x00094154	
0x00094158	
0x0009415c	
0x00094160	
0x00094164	
0x00094168	
0x0009416c	
0x00094174	
0x0009ea98	
0x0009ea9c	
0x0009f040	
0x0009f468	
0x0009f534	
0x000c55e8	
0x000c55f8	
0x000c55fc	
0x000c5600	
0x000c5608	
0x000c5610	
0x000c561c	
0x000c5624	
0x000c5630	
0x000c5638	
0x000c563c	
0x000c56e0	
0x000c6b20	
0x000c6b24	
0x000c6b28	
0x000c6b30	
0x000c6bac	
0x000c6bb0	
0x000c6bb4	
0x000c6bb8	
0x000c6bbc	
0x000c6bc0	
0x000c6bc8	
0x000c6bcc	
0x000c6bd0	
0x000c6bd8	
0x000c6be8	
0x000c6bec	
0x000c6bf0	
0x000c6bf4	
0x000c6bf8	
0x000c6bfc	
0x000c6f00	
0x000c6f04	
0x000c6f08	
0x000c6f0c	
0x000c6f10	
0x000c6f18	
0x000c6f2c	
0x000c6f30	
0x000c6f48	
0x000c6f50	
0x000c7090	
0x000c71f4	
0x000c71f8	
0x000c71fc	
0x000c7210	
0x000c7214	
0x000c7218	
0x000c7220	
0x000c7380	
0x000c7384	
0x000c7388	
0x000c73e4	
0x000c73e8	
0x000c7548	
0x000c754c	
0x000c7550	
0x000c794c	
0x000c7950	
0x000c7954	
0x000c7958	
0x000c7960	
0x000c7d5c	
0x000c7d60	
0x000c7d64	
0x000c7d68	
0x000c7d70	
0x000c7e00	
0x000c7e04	
0x000c7e08	
0x000c7e10	
0x000c7e90	
0x000c7e98	
0x000c7ff8	
0x000c7ffc	
0x000c8000	
0x000c8008	
0x000c800c	
0x000c8010	
0x000c813c	
0x000c814c	
0x000c8150	
0x000c8154	
0x000c815c	
0x000c8160	
0x000c82c0	
0x000c82c4	
0x000c82c8	
0x000c82cc	
0x000a4b30	
0x000c53ac	
0x000a5048	
0x000a504c	
0x000a5050	
0x000a5054	
0x000a5058	
0x000a505c	
0x000a5060	
0x000a5070	
0x000a5074	
0x0008f1e4	
0x0008f1e8	
0x0008f1ec	
0x0008f1f0	
0x0008f1f4	
0x0008f1fc	
0x0008f200	
0x000a5078	
0x000a5080	
0x000a5088	
0x000ac088	
0x000ac0f8	
0x000ad0c8	
0x000ad2b8	
0x000ad2f8	
0x000ad300	
0x000ad308	
0x000ad310	
0x000ad328	
0x000ad350	
0x000ad368	
0x0008f28c	
0x0008f2b0	
0x000b1100	
0x0008f824	
0x0008f54c	
0x0008f55c	
0x0008f560	
0x0008f7b8	
0x000ad370	
0x000afbf0	
0x000afbf4	
0x000afbf8	
0x000afc08	
0x000afc10	
0x000afc14	
0x000afc18	
0x000afc1c	
0x000afc20	
0x000afc78	
0x000afc8c	
0x000afc98	
0x000afcb8	
0x000b10f8	
0x000b10fc	
0x000bec60	
0x000bec7c	
0x000bec80	
0x000bec8c	
0x000bec90	
0x000c00d8	
0x000c2958	
0x000c295c	
0x000c2960	
0x000c2968	
0x000c29f8	
0x000c2a0c	
0x000c2a10	
0x000c5298	
0x000c5394	
0x000c539c	
0x0008f828	
0x0008f82c	
0x0008f830	
0x0008f834	
0x0008f838	
0x0008f83c	
0x0008f840	
0x0008f844	
0x0008f848	
0x0008f84c	
0x0008f850	
0x0008fae8	
0x0008ff4c	
0x0008ff50	
0x000904a4	
0x000c53dc	
0x000c53fc	
0x000c5400	
0x000c540c	
0x000c5410	
0x000c541c	
0x000c5424	
0x000c5428	
0x000c5550	
0x000c5570	
0x00090600	
0x000906c0	
0x000909c0	
0x000909cc	
0x000c5580	
0x000c558c	
0x000c5590	
0x000c5594	
0x000c5598	
0x000c55a4	
0x000c55a8	
0x000c55b8	
0x000c55c8	
0x000c55d8	
0x000c55dc	
0x000c55e0	
0x000c5574	
0x000c5578	
0x00090db0	
0x0009f6b0	
0x0009f808	
0x0009f824	
0x0009f840	
0x0009f844	
0x0009f850	
0x0009f954	
0x0009f958	
0x0009f9d0	
0x0009fa6c	
0x0009fa70	
0x000c84e8	
0x000c8740	
0x0009f828	
0x0009f82c	
0x0009f830	
0x000c8320	
0x000c8428	
0x000c842c	
0x000c8430	
0x000c8434	
0x000c8438	
0x000c84d8	
0x000c84e0	
0x000c85e8	
0x000c8710	
0x000c8738	
0x000c873c	
0x000c8748	
0x000c8770	
0x000c8778	
0x000c9788	
0x000c9888	
0x000c9990	
0x0009f80c	
0x0009f834	
0x0009f838	
0x0009f83c	
0x0009f848	
0x0009f84c	
0x0009fc80	
0x000c8328	
0x000c8460	
0x000c85f0	
0x000c8610	
0x000c9890	
0x000c99e0	
0x0009fd08	
0x000ca938	
0x000ca93c	
0x0009fe50	
0x0009fe58	
0x0009fe7c	
0x0009fe80	
0x0009fef4	
0x0009fef8	
0x0009fefc	
0x0009ff2c	
0x0009ff30	
0x0009ff50	
0x000ca940	
0x000ca948	
0x000ca95c	
0x000ca960	
0x000ca964	
0x000ca968	
0x000ca970	
0x000cad70	
0x000a0504	
0x000a06a0	
0x000cadb4	
0x000a0800	
0x000a0888	
0x000cadb8	
0x000a0a58	
0x000cadc8	
0x0008e188	
0x0008e18c	
0x0008c028	
0x0008c390	
0x000ca130	
0x0008c010	vtable
0x0008c068	vtable
0x0008c3c8	vtable
0x0008c478	vtable
0x0008c498	vtable
0x0008c4a8	vtable
0x0008c528	vtable
0x000ad0f8	
0x000c53d0	
0x000c53cc	
0x000c53c8	
0x000c53c4	
0x000c53c0	
0x000c53bc	
0x000c53b8	
0x000c53b4	
0x000c53b0	
0x000c53a8	
0x000c53a4	
0x000c53a0	
0x000c555c	
0x000c5558	
0x000c53f8	
0x000c554c	
0x000c5420	
0x000c5554	
0x000c55ac	
0x000c55b0	
0x000c5584	
0x000c5588	
0x000c559c	
0x000c55a0	
0x000c2a00	
0x000c2a04	
0x000c5388	
0x000c29fc	
0x000bec54	
0x000afc00	
0x000c538c	
0x000c5390	
0x000c5398	
0x000c2a08	
0x000bec88	
0x000afc90	
0x000afbfc	
0x000afc68	
0x000afc6c	
0x000afc70	
0x000afc74	
0x000afc7c	
0x000afc80	
0x000afc84	
0x000afc88	
0x000bec58	
0x000bec84	
0x000c00d0	
0x000a1128	
0x000a112c	
0x000a1130	
0x000a1478	
0x000a14a8	
0x000a182c	
0x000a1834	
0x000a1838	
0x000a19a0	
0x000a19a4	
0x000a1ad0	
0x000a1b78	
0x000a1b7c	
0x000a1b98	
0x000a1b9c	
0x000a1bd8	
0x000a1bdc	
0x000a1cd0	
0x000a1d08	
0x000a1d58	
0x000a1d74	
0x000a1d90	
0x000a1dd0	
0x000a1de4	
0x000a1df8	
0x000a1e0c	
0x000a1eb0	
0x000a1ec4	
0x000cb0d0	
0x000cb0d8	
0x000ccb18	
0x000ccc18	
0x000ccc20	
0x000ccc60	
0x000ccd60	
0x0008c0a8	
0x0008c0ac	
0x0008c0b0	
0x0008c0b4	
0x0008c0b8	
0x0008c0bc	
0x0008c0c0	
0x0008c3d8	
0x0008c3dc	
0x0008c3e0	
0x0008c3e4	
0x0008c3e8	
0x0008c3ec	
0x0008c3f0	
0x0008c3f4	
0x0008c3f8	
0x000a10ec	
0x000a10f0	
0x000a3448	
0x000cb068	
0x000cb06c	
0x000cb070	
0x000cb074	
0x000cb078	
0x000cb07c	
0x000cb080	
0x000cb084	
0x000cb0c8	
0x000cb0cc	
0x0008c600	vtable
0x0008c678	vtable
0x0008c68c	vtable
0x000a4ad0	
0x000a4ad4	
0x000a4ad8	
0x000a4adc	
0x000a4ae0	
0x000a4ae4	
0x000a4ae8	
0x000a4af0	
0x000a4af8	
0x000a4afc	
0x000a4b00	
0x000a4b04	
0x000a4b08	
0x000a4b10	
0x000a4b20	
0x000a4b2c	
0x000a4b34	
0x000a4b38	
0x000a4b3c	
0x000a4b40	
0x000a4b44	
0x000a4b48	
0x000a4b4c	
0x0008e170	
0x000a1b44	
0x000a1b48	
0x000a1e20	
0x000a1e40	
0x000a1e48	
0x000a1e5c	
0x000a1e64	
0x000a1e90	
0x000ccd90	
0x000c53e0	
0x000c53e4	
0x000c53e8	
0x000c5560	
0x0008c5a0	vtable
0x0008c5b0	vtable
0x0008c5c0	vtable
0x0008c5d0	vtable
0x0008c5e0	vtable
0x0008c5f0	vtable
0x0008c5fc	vtable
0x0008c608	vtable
0x0008c618	vtable
0x0008c624	vtable
0x0008c628	vtable
0x0008c634	vtable
0x0008c638	vtable
0x0008c648	vtable
0x0008c658	vtable
0x0008c668	vtable
0x0008c684	vtable
0x0008c688	vtable
