# Reviewed VC6 compiler-generated floating constants; stable value-encoded names.
# Evidence and complete payload/operand checks: buka-radar-locators.json.
# TownQuickView unpooled strings: every use site and full payload independently verified; buka-quick-views.json.
# ViewWorld unpooled strings: every use site and full payload independently verified; buka-map-views.json.
# VC6 ctype<wchar_t>::id one-byte COMMON guard; full controls: buka-ctype-guard.json.
# Combat AI doubles: complete operands and payloads in buka-combat-ai.json.
# DamageEnemy float/division and double/rounding constants: buka-army-luck.json.
# DamageGroup percentage and survivor thresholds: buka-army-group.json.
# Complete-body constant references and exact typed payloads: buka-reference-completion.json.
# Typed operands, unique instruction contexts and full payloads: buka-floating-constants.json.
# Typed operands, unique instruction contexts and full payloads: buka-current-floating-constants.json.
rva	size	name	owner	class
0x0008a398	0x8	__real@8@4006c300000000000000	SOURCE/ADVMGR	fppool
0x0008a3a0	0x8	__real@8@40059200000000000000	SOURCE/ADVMGR	fppool
0x0008a3a8	0x8	__real@8@40059400000000000000	SOURCE/ADVMGR	fppool
0x0008a3b0	0x8	__real@8@3ff9f5c28f5c28f5c000	SOURCE/AI	fppool
0x0008a3b8	0x8	__real@8@3ff9a3d70a3d70a3d800	SOURCE/AI	fppool
0x0008a3c0	0x8	__real@8@3ffba3d70a3d70a3d800	SOURCE/AI	fppool
0x0008a3c8	0x8	__real@8@3ffaa3d70a3d70a3d800	SOURCE/AI	fppool
0x0008a3d0	0x8	__real@8@3ffaccccccccccccd000	SOURCE/AI	fppool
0x0008a3d8	0x8	__real@8@3ffaf5c28f5c28f5c000	SOURCE/AI	fppool
0x0008a3e0	0x8	__real@8@3fff8cccccccccccd000	SOURCE/AI	fppool
0x0008a3e8	0x8	__real@8@3fff9999999999999800	SOURCE/AI	fppool
0x0008a3f0	0x8	__real@8@3ffe8000000000000000	SOURCE/ARMY	fppool
0x0008a3f8	0x4	__real@4@40008000000000000000	SOURCE/ARMY	fppool
0x0008a400	0x8	__real@8@3fff8000000000000000	SOURCE/ARMYGRP	fppool
0x0008a408	0x8	__real@8@3ffeffbe76c8b4395800	SOURCE/ARMYGRP	fppool
0x0008a410	0x4	__real@4@4005c800000000000000	SOURCE/ARMYGRP	fppool
0x0008a420	0x8	__real@8@3ffd8a3d70a3d70a4000	SOURCE/COMMAND	fppool
0x0008a428	0x8	__real@8@3ffe947ae147ae147800	SOURCE/COMMAND	fppool
0x0008a430	0x4	__real@4@3fff8000000000000000	SOURCE/PHILAI	fppool
0x0008a438	0x8	__real@8@3fffdd70a3d70a3d7000	SOURCE/COMMAND	fppool
0x0008a440	0x8	__real@8@4000eeb851eb851eb800	SOURCE/COMMAND	fppool
0x0008a448	0x8	__real@8@3fffc000000000000000	SOURCE/CURSOR	fppool
0x0008a450	0x8	__real@8@3fffe000000000000000	SOURCE/EVENTS	fppool
0x0008a458	0x8	__real@8@3fffb999999999999800	SOURCE/GAME	fppool
0x0008a460	0x8	__real@8@3fffa51eb851eb852000	SOURCE/GAME	fppool
0x0008a468	0x8	__real@8@3ffec000000000000000	SOURCE/GAME	fppool
0x0008a470	0x8	__real@8@3fffae147ae147ae1800	SOURCE/GAME	fppool
0x0008a478	0x8	__real@8@3fff9eb851eb851eb800	SOURCE/GAME	fppool
0x0008a480	0x8	__real@8@3ffc8000000000000000	SOURCE/GAME	fppool
0x0008a488	0x8	__real@8@4004f000000000000000	SOURCE/GAME	fppool
0x0008a490	0x8	__real@8@3ffd8000000000000000	SOURCE/GAME	fppool
0x0008a498	0x8	__real@8@4003f000000000000000	SOURCE/GAME	fppool
0x0008a4c8	0x4	__real@4@4000c000000000000000	SOURCE/PHILAI	fppool
0x0008a4d0	0x8	__real@8@3ffeccccccccccccd000	SOURCE/PHILAI	fppool
0x0008a4d8	0x8	__real@8@3fffd999999999999800	SOURCE/PHILAI	fppool
0x0008a4e0	0x8	__real@8@3ffbccccccccccccd000	SOURCE/PHILAI	fppool
0x0008a4e8	0x8	__real@8@3ffbf5c28f5c28f5c000	SOURCE/PHILAI	fppool
0x0008a4f0	0x8	__real@8@3ffb8f5c28f5c28f6000	SOURCE/PHILAI	fppool
0x0008a4f8	0x8	__real@8@40048400000000000000	SOURCE/PHILAI	fppool
0x0008a500	0x8	__real@8@3ffdccccccccccccd000	SOURCE/PHILAI	fppool
0x0008a508	0x8	__real@8@3ff0a7c5ac471b478800	SOURCE/PHILAI	fppool
0x0008a51c	0x4	__real@4@00000000000000000000	SOURCE/PHILAI	fppool
0x0008a520	0x8	__real@8@3ffea8f5c28f5c28f800	SOURCE/PHILAI	fppool
0x0008a528	0x8	__real@8@4005c800000000000000	SOURCE/PHILAI	fppool
0x0008a530	0x8	__real@8@3fffa000000000000000	SOURCE/PHILAI	fppool
0x0008a538	0x8	__real@8@3fffaa3d70a3d70a4000	SOURCE/PHILAI	fppool
0x0008a548	0x8	__real@8@3ffcccccccccccccd000	SOURCE/PHILAI	fppool
0x0008a550	0x4	__real@4@4012f424000000000000	SOURCE/PHILAI	fppool
0x0008a558	0x8	__real@8@3fff91eb851eb851e800	SOURCE/PHILAI	fppool
0x0008a560	0x8	__real@8@3ffeb333333333333000	SOURCE/PHILAI	fppool
0x0008a568	0x8	__real@8@3ffc9999999999999800	SOURCE/PHILAI	fppool
0x0008a570	0x8	__real@8@3fff8e147ae147ae1800	SOURCE/PHILAI	fppool
0x0008a578	0x8	__real@8@4000c000000000000000	SOURCE/PHILAI	fppool
0x0008a588	0x4	__real@4@400abb80000000000000	SOURCE/PHILAI	fppool
0x0008a598	0x8	__real@8@3ffda8f5c28f5c28f800	SOURCE/PHILAI	fppool
0x0008a5a0	0x8	__real@8@3ffef5c28f5c28f5c000	SOURCE/PHILAI	fppool
0x0008a5a8	0x8	__real@8@3fff970a3d70a3d70800	SOURCE/PHILAI	fppool
0x0008a5b0	0x4	__real@4@4006c800000000000000	SOURCE/PHILAI	fppool
0x0008a5e0	0x8	__real@8@3fffb333333333333000	SOURCE/PHILAI	fppool
0x0008a5e8	0x8	__real@8@4000a000000000000000	SOURCE/PHILAI	fppool
0x0008a5f0	0x4	__real@4@40018000000000000000	SOURCE/PHILAI	fppool
0x0008a5f4	0x4	__real@4@4001a000000000000000	SOURCE/PHILAI	fppool
0x0008a5f8	0x8	__real@8@40008000000000000000	SOURCE/PHILAI	fppool
0x0008a604	0x4	__real@4@4004c000000000000000	SOURCE/PHILAI	fppool
0x0008a608	0x8	__real@8@00000000000000000000	SOURCE/PHILAI	fppool
0x0008a610	0x8	__real@8@3ffee666666666666800	SOURCE/PHILAI	fppool
0x0008a618	0x8	__real@8@4000e000000000000000	SOURCE/PHILAI	fppool
0x0008a620	0x8	__real@8@3ffefd70a3d70a3d7000	SOURCE/PHILAI	fppool
0x0008a628	0x8	__real@8@3ffea666666666666800	SOURCE/PHILAI	fppool
0x0008a630	0x8	__real@8@3ffe9999999999999800	SOURCE/PHILAI	fppool
0x0008a640	0x8	__real@8@3ff8a3d70a3d70a3d800	SOURCE/PHILAI	fppool
0x0008a648	0x8	__real@8@3ffe8a3d70a3d70a4000	SOURCE/PHILAI	fppool
0x0008a658	0x4	__real@4@4008fa00000000000000	SOURCE/PHILAI	fppool
0x0008a660	0x8	__real@8@3ffed999999999999800	SOURCE/PHILAI	fppool
0x0008a6c0	0x8	__real@8@40069c00000000000000	SOURCE/REQUEST	fppool
0x0008a6c8	0x8	__real@8@4004e000000000000000	SOURCE/REQUEST	fppool
0x0008a6f8	0x8	__real@8@4005e100000000000000	SOURCE/SPELLS	fppool
0x0008e9e4	0xb	$SG584164	SOURCE/ADVMGR	string
0x0008e9f0	0xb	$SG584176	SOURCE/ADVMGR	string
0x0008e9fc	0x4	$SG584188	SOURCE/ADVMGR	string
0x0008ea00	0xd	$SG584192	SOURCE/ADVMGR	string
0x0008ea10	0xb	$SG584208	SOURCE/ADVMGR	string
0x0008ea1c	0x3	$SG584220	SOURCE/ADVMGR	string
0x0008ea20	0x4	$SG584224	SOURCE/ADVMGR	string
0x0008ea24	0xd	$SG584228	SOURCE/ADVMGR	string
0x0008ea34	0xb	$SG584244	SOURCE/ADVMGR	string
0x0008ea40	0x3	$SG584256	SOURCE/ADVMGR	string
0x0008ea44	0x4	$SG584260	SOURCE/ADVMGR	string
0x0008ea48	0xd	$SG584264	SOURCE/ADVMGR	string
0x0008eb04	0xc	$SG584452	SOURCE/ADVMGR	string
0x0008eb10	0xc	$SG584464	SOURCE/ADVMGR	string
0x0008eb1c	0xa	$SG584476	SOURCE/ADVMGR	string
0x0008eb28	0xc	$SG584488	SOURCE/ADVMGR	string
0x0008eb34	0xc	$SG584500	SOURCE/ADVMGR	string
0x0008eb40	0xa	$SG584512	SOURCE/ADVMGR	string
0x0008eb4c	0x9	$SG584524	SOURCE/ADVMGR	string
0x0008eb58	0xa	$SG584536	SOURCE/ADVMGR	string
0x0008eb64	0xe	$SG584548	SOURCE/ADVMGR	string
0x0008f930	0x7	$SG588080	SOURCE/COMMAND	string
0x0008f938	0xd	$SG588088	SOURCE/COMMAND	string
0x0008f948	0xc	$SG588104	SOURCE/COMMAND	string
0x0008f954	0xf	$SG588116	SOURCE/COMMAND	string
0x0008f964	0xd	$SG588132	SOURCE/COMMAND	string
0x0008f974	0x4	$SG588148	SOURCE/COMMAND	string
0x0008f978	0xd	$SG588152	SOURCE/COMMAND	string
0x0008f988	0xb	$SG588168	SOURCE/COMMAND	string
0x0008f994	0x3	$SG588180	SOURCE/COMMAND	string
0x0008f998	0xd	$SG588184	SOURCE/COMMAND	string
0x0008f9a8	0x2	$SG588200	SOURCE/COMMAND	string
0x0008f9ac	0xc	$SG588204	SOURCE/COMMAND	string
0x000d82d8	0x1	??_B?1???id@?$ctype@G@std@@$D@@9@51	std::ctype<wchar_t>::id	common
