rva	name
0x00001000	??0advManager@@QAE@XZ
0x000012af	??1advManager@@QAE@XZ
0x000012c3	?Open@advManager@@UAEFF@Z
0x00002020	?Close@advManager@@UAEXXZ
0x000023a8	?GetCursorSampleSet@advManager@@QAEXH@Z
0x0000244a	?DoAdvCommand@advManager@@QAEPAVmapCell@@XZ
0x0000298b	?Main@advManager@@UAEFAAUtag_message@@@Z
0x00003609	?Reseed@advManager@@QAEXHH@Z
0x00003620	?ProcessSelect@advManager@@QAEHPAUtag_message@@PAPAVmapCell@@@Z
0x00004475	?ProcessDeSelect@advManager@@QAEHPAUtag_message@@PAHPAPAVmapCell@@@Z
0x00004621	?ProcessSearch@advManager@@QAEHHH@Z
0x00004a49	?ProcessHover@advManager@@QAEHPAUtag_message@@@Z
0x00005530	?UpdateScreen@advManager@@QAEXCC@Z
0x000057a9	?CompleteDraw@advManager@@QAEXFFH@Z
0x00005ace	?CompleteDraw@advManager@@QAEXH@Z
0x00005afd	?GetCloudLookup@advManager@@QAEHHH@Z
0x00005efb	?DrawCell@advManager@@QAEXFFFFCCC@Z
0x00006d26	?GetCell@advManager@@QAEPAVmapCell@@FF@Z
0x00006d7e	?UpdateRadar@advManager@@QAEXCH@Z
0x00007276	?QuickInfo@advManager@@QAEXFF@Z
0x00007785	?UpdateHeroLocator@advManager@@QAEXHCC@Z
0x00007ae5	?UpdateHeroLocators@advManager@@QAEXCC@Z
0x00007bb8	?UpdateTownLocators@advManager@@QAEXCC@Z
0x00007ddd	?UpdBottomView@advManager@@QAEXCCC@Z
0x00007f20	?ClearBottomView@advManager@@QAEXXZ
0x00008046	?UpdBottomViewEnemyTurn@advManager@@QAECXZ
0x00008575	?UpdBottomViewNewTurn@advManager@@QAECXZ
0x000088e7	?UpdBottomViewResMsg@advManager@@QAECXZ
0x00008c76	?UpdBottomViewKingdom@advManager@@QAECXZ
0x00008fe4	?UpdBottomViewHero@advManager@@QAECXZ
0x00009569	?HeroQuickView@advManager@@QAEXCCFF@Z
0x0000a208	?GetArmySizeName@advManager@@QAEPADFC@Z
0x0000a2b5	?TownQuickView@advManager@@QAEXCCFF@Z
0x0000ae3d	?RedrawAdvScreen@advManager@@QAEXH@Z
0x0000af0e	?DeactivateCurrTown@advManager@@QAEXXZ
0x0000af22	?DeactivateCurrHero@advManager@@QAEXXZ
0x0000af3e	?MobilizeCurrHero@advManager@@QAEXH@Z
0x0000af7f	?DemobilizeCurrHero@advManager@@QAEXXZ
0x0000b0dd	?SetTownContext@advManager@@QAEXC@Z
0x0000b301	?SetHeroContext@advManager@@QAEXCC@Z
0x0000b68e	?DoHeroKnob@advManager@@QAEXXZ
0x0000b8d3	?DoTownKnob@advManager@@QAEXXZ
0x0000bb18	?ViewPuzzle@advManager@@QAEXXZ
0x0000bebe	?PuzzleDraw@advManager@@QAEXHHHH@Z
0x0000c0a3	?CastSpell@advManager@@QAEXC@Z
0x0000c243	?ViewWorld@advManager@@QAEXCCC@Z
0x0000d2a5	?GrabScreen@advManager@@QAEXXZ
0x0000d2db	?ControlPanel@advManager@@QAEFXZ
0x0000d5c6	?UpdateCPanel@@YAXC@Z
0x0000d7cd	?SaveGame@@YACXZ
0x0000d9d2	?CPanelHandler@@YAFAAUtag_message@@@Z
0x0000de70	?CheckCastSpell@advManager@@QAEXXZ
0x0000df05	?AdvPanel@advManager@@QAEXXZ
0x0000e0d3	?APanelHandler@@YAFAAUtag_message@@@Z
0x0000e223	?DimensionDoorHandler@@YAFAAUtag_message@@@Z
0x0000e4c1	?ComboDraw@advManager@@QAECFFC@Z
0x0000f009	?ComboDraw@advManager@@QAECH@Z
0x0000f038	?SetEnvironmentOrigin@advManager@@QAEXFFF@Z
0x0000f2f3	?CheckLoadSample@advManager@@QAEXH@Z
0x0000f34d	?InsertSound@advManager@@QAEXFFFC@Z
0x0000f55c	?TeleportTo@advManager@@QAEXHHH@Z
0x0000f853	?DimensionDoor@advManager@@QAEXXZ
0x0000fa50	?TownGate@advManager@@QAEXXZ
0x0000fc90	?SummonBoat@advManager@@QAEXXZ
0x0001014b	?ShowRoute@advManager@@QAEXHHH@Z
0x00010429	?HideRoute@advManager@@QAEXHHH@Z
0x000104fa	?CheckDimHero@advManager@@QAEXXZ
0x00010577	?CheckDimNextHeroBut@advManager@@QAEXXZ
0x000105da	?SeedTo@advManager@@QAEXHH@Z
0x00010707	?ForceNewHover@advManager@@QAEXXZ
0x00010746	?ScreenScroll@advManager@@QAEXCH@Z
0x00010916	?CheckScreenScroll@advManager@@QAEXXZ
0x00010aad	?MouseInScrollZone@advManager@@QAEHXZ
0x00010b26	?SetInitialMapOrigin@advManager@@QAEXXZ
0x00010d6e	?LoadRemote@advManager@@QAEXXZ
0x00010e9f	?CheckHandleNet@advManager@@QAEPADXZ
0x00010fda	?CheckHandleNetPlayerWait@advManager@@QAEFAAUtag_message@@C@Z
0x0001107c	?TrimLoopingSounds@advManager@@QAEXH@Z
0x0001121e	?DisableButtons@advManager@@QAEXXZ
0x000112e1	?EnableButtons@advManager@@QAEXXZ
0x000113a4	?SaveAdventureBorder@advManager@@QAEXXZ
0x000114e2	?DrawAdventureBorder@advManager@@QAEXXZ
0x00011660	?AICheckRetreat@combatManager@@QAEHXZ
0x00011d88	?DoCompAI@combatManager@@QAEXC@Z
0x000125fa	?GetShooterMask@combatManager@@QAEFC@Z
0x000126b1	?GetFlyerMask@combatManager@@QAEFC@Z
0x0001275a	?GetWalkerMask@combatManager@@QAEFC@Z
0x0001281e	?GetBestArmy@combatManager@@QAEFCF@Z
0x000128bd	?GetWorstArmy@combatManager@@QAEFCF@Z
0x0001295c	?GetClosestArmy@combatManager@@QAEFPAVarmy@@CF@Z
0x00012a5e	?GetStrength@combatManager@@QAEICF@Z
0x00012b0f	?AttemptAttack@combatManager@@QAECPAVarmy@@CF@Z
0x00012c92	?AttemptAdjacentAttack@combatManager@@QAECPAVarmy@@@Z
0x00012f0e	?WalkTowardArmyFront@combatManager@@QAECPAVarmy@@CF@Z
0x000130f8	?WalkTowardArmy@combatManager@@QAECPAVarmy@@CF@Z
0x00013330	??0army@@QAE@XZ
0x000133ec	?InitClean@army@@QAEXXZ
0x00013450	?Init@army@@QAEXCFCC@Z
0x00013555	?LoadResources@army@@QAEXXZ
0x00013760	?FreeResources@army@@QAEXXZ
0x00013834	?DrawToBuffer@army@@QAEXFF@Z
0x00013fd9	?Stand@army@@QAEXC@Z
0x0001402e	?Wince@army@@QAEXXZ
0x00014084	?Walk@army@@QAEXFCC@Z
0x00014854	?SpecialAttack@army@@QAEXXZ
0x000154c8	?DoHydraAttack@army@@QAEXXZ
0x00015c2b	?DirDoAttack@army@@QAEXF@Z
0x00015c4d	?DoAttack@army@@QAEXH@Z
0x00016cdf	?ResetPath@army@@QAEXXZ
0x00016d1c	?WalkTo@army@@QAEFXZ
0x00016d38	?WalkTo@army@@QAEFF@Z
0x00016e1e	?AttackTo@army@@QAEFXZ
0x00016e3a	?AttackTo@army@@QAEFF@Z
0x00016fdc	?CheckLuck@army@@QAEXXZ
0x0001717c	?DamageEnemy@army@@QAEXPAV1@PAH1HH@Z
0x00017391	?Damage@army@@QAEHH@Z
0x000174f1	?PowEffect@army@@QAEXC@Z
0x00017d6f	?Strength@army@@QAEIXZ
0x00017d94	?SpellEffect@army@@QAEXFH@Z
0x00017eaf	?CancelSpell@army@@QAEXXZ
0x00017f49	?GoBerserk@army@@QAEXXZ
0x0001811f	?MoveAttack@army@@QAEXHH@Z
0x000184b0	??0armyGroup@@QAE@XZ
0x000184e1	?View@armyGroup@@QAEXH@Z
0x000184ee	?GetMorale@armyGroup@@QAEFPAVhero@@PAVtown@@@Z
0x00018609	?Dismiss@armyGroup@@QAEXC@Z
0x0001862f	?IsMember@armyGroup@@QAECC@Z
0x00018676	?IsHomogeneous@armyGroup@@QAECC@Z
0x000187b4	?CanJoin@armyGroup@@QAECC@Z
0x000187ef	?GetNumArmies@armyGroup@@QAEFXZ
0x00018841	?Add@armyGroup@@QAEFCFC@Z
0x0001893f	?Swap@armyGroup@@QAEXCPAV1@C@Z
0x000189b6	?DamageGroup@armyGroup@@QAEXM@Z
0x00018b30	??0combatManager@@QAE@XZ
0x00018cbb	?CombineGroups@combatManager@@QAEXPAVarmyGroup@@0@Z
0x00018dd3	?SetupCombat@combatManager@@QAEXHHPAVhero@@PAVarmyGroup@@PAVtown@@01HHH@Z
0x00019118	?Open@combatManager@@UAEFF@Z
0x00019519	?Close@combatManager@@UAEXXZ
0x0001972a	?UpdateArmyGroup@combatManager@@QAEXC@Z
0x00019865	?GenerateMap@combatManager@@QAEXXZ
0x00019ffc	?GetBackgroundName@combatManager@@QAEPADXZ
0x0001a123	?MoreTreesNear@combatManager@@QAECXZ
0x0001a2f8	?LoadIcons@combatManager@@QAEXXZ
0x0001a4bc	?FreeIcons@combatManager@@QAEXXZ
0x0001a528	?LoadArmies@combatManager@@QAEXXZ
0x0001a787	?FreeArmies@combatManager@@QAEXXZ
0x0001a842	?NoShowCombatLog@combatManager@@QAEXPAD@Z
0x0001a84f	?GetGridIndex@combatManager@@QAEFFF@Z
0x0001a8f6	?CheckApplyGoodMorale@combatManager@@QAEXHH@Z
0x0001aa9b	?CheckApplyBadMorale@combatManager@@QAEHHH@Z
0x0001ac0e	?GetNextArmy@combatManager@@QAECH@Z
0x0001ade7	?IsWinner@combatManager@@QAECC@Z
0x0001ae9c	?CatAttack@combatManager@@QAEXC@Z
0x0001bb8e	?RegenerateField@combatManager@@QAEXXZ
0x0001bbd1	?KeepAttack@combatManager@@QAEXXZ
0x0001c6b4	?ExperienceValueOfStack@combatManager@@QAEHC@Z
0x0001c7a0	?ResetHitByCreature@combatManager@@QAEXXZ
0x0001c7ff	?ValidHex@@YAHH@Z
0x0001c826	?SaveCombatBorder@combatManager@@QAEXXZ
0x0001c87d	?DrawCombatBorder@combatManager@@QAEXXZ
0x0001c900	??_H@YGXPAXIHP6EX0@Z@Z
0x0001c930	?add_node@@YAXPAUtag_Anchor@@PAUtag_Node@@@Z
0x0001c984	?pop_node@@YAPAUtag_Node@@PAUtag_Anchor@@@Z
0x0001c9ba	?init_anchor@@YAXPAUtag_Anchor@@HH@Z
0x0001c9d2	?ShutdownComError@@YAXPAD@Z
0x0001cd46	?com_init@@YAFEHH@Z
0x0001d048	?com_term@@YAXF@Z
0x0001d126	?com_rcv@@YAFFGPAX@Z
0x0001d1e4	?com_snd@@YAFFGGPAXH@Z
0x0001d2fe	?com_sess@@YAFHHZZ
0x0001d306	?com_stat@@YAEFG@Z
0x0001d357	?comm_wrt_task@@YAXXZ
0x0001d460	?Main@combatManager@@UAEFAAUtag_message@@@Z
0x0001d6dc	?ValidHexToStandOn@combatManager@@QAECH@Z
0x0001d783	?SetCombatDirections@combatManager@@QAEXH@Z
0x0001de87	?CheckSetMouseDirection@combatManager@@QAEXHHH@Z
0x0001e3eb	?GetPointer@combatManager@@QAEHH@Z
0x0001e408	?ProcessCombatMsg@combatManager@@QAEHAAUtag_message@@@Z
0x0001e900	?ResetRound@combatManager@@QAEXXZ
0x0001ea22	?CheckWin@combatManager@@QAEHPAUtag_message@@@Z
0x0001eb45	?GetCommand@combatManager@@QAECF@Z
0x0001edae	?RightClick@combatManager@@QAECC@Z
0x0001ef1f	?DoCommand@combatManager@@QAEXC@Z
0x0001f209	?WinCombatHandler@@YAFAAUtag_message@@@Z
0x0001f389	?ClearWinLoseBottom@combatManager@@QAEXPAVheroWindow@@@Z
0x0001f491	?ShowWinLoseArtifact@combatManager@@QAEXPAVheroWindow@@H@Z
0x0001f71e	?ShowDeadArmies@combatManager@@QAEXPAVheroWindow@@@Z
0x0001fe71	?DoVictory@combatManager@@QAEXC@Z
0x000205a2	?DoLoseWindow@combatManager@@QAEXXZ
0x00020a7e	?DoSurrender@combatManager@@QAEFXZ
0x00020cd1	?CheckChangeSelector@combatManager@@QAEXXZ
0x00020d8c	?CheckCastleAttack@combatManager@@QAEXXZ
0x00020e7c	?CheckGetAIMove@combatManager@@QAEXXZ
0x00020ed8	?GetControl@combatManager@@QAEXXZ
0x00021003	?ResetMouse@combatManager@@QAEXXZ
0x000210c0	?ProcessNextAction@combatManager@@QAEFAAUtag_message@@@Z
0x000215c0	?StartCursor@advManager@@QAEXC@Z
0x00021703	?StopCursor@advManager@@QAEXC@Z
0x00021820	?DrawCursor@advManager@@QAEXXZ
0x00021dc4	?GetCursorBaseFrame@advManager@@QAEFF@Z
0x00021e15	?TurnTo@advManager@@QAEXC@Z
0x00022023	?GetMoveShowIt@advManager@@QAEHC@Z
0x00022127	?MoveHero@advManager@@QAEPAVmapCell@@CCPAH00CPAC@Z
0x00022df4	?CheckAdjacentMon@advManager@@QAEXPAC@Z
0x00022f55	?ValidMoveWithEvent@advManager@@QAEFPAVhero@@F@Z
0x000230f8	?ValidMove@advManager@@QAEFF@Z
0x00023344	?MoveOrigin@advManager@@QAEXFF@Z
0x00023670	?UpdateGrid@combatManager@@QAEXFF@Z
0x000236c0	?UpdateGridForMove@combatManager@@QAEXFCF@Z
0x00023707	?CombatMessage@combatManager@@QAEXPADH@Z
0x000237b4	?CombatMessage@combatManager@@QAEXF@Z
0x00023a3a	?ResetLimitCreature@combatManager@@QAEXXZ
0x00023acc	?SetGridMode@combatManager@@QAEXC@Z
0x00023ae5	?UpdateCombatArea@combatManager@@QAEXXZ
0x00023bab	?DrawBackground@combatManager@@QAEXXZ
0x00023d6c	?DrawFrame@combatManager@@QAEXC@Z
0x00024a50	?DoEvent@advManager@@QAEXPAVmapCell@@HH@Z
0x000267ed	?EraseObj@advManager@@QAEXPAVmapCell@@HH@Z
0x000269b5	?HeroSwap@advManager@@QAEXPAVhero@@0@Z
0x00026a58	?TownEvent@advManager@@QAEXPAVmapCell@@HH@Z
0x00026be9	?EventSound@advManager@@QAEXFF@Z
0x00026dc6	?EventWindow@advManager@@QAEXFHPADHHHHH@Z
0x00026e86	?GiveArtifact@advManager@@QAEFPAVhero@@C@Z
0x00026f16	?GiveRandomArtifact@advManager@@QAEHPAVhero@@@Z
0x00026f65	?GiveExperience@advManager@@QAEHPAVhero@@HC@Z
0x00027003	?GiveResource@advManager@@QAEXPAVhero@@CF@Z
0x0002706d	?RecruitEvent@advManager@@QAEXPAVhero@@HPAVmapCell@@@Z
0x0002712c	?GhostEvent@advManager@@QAECPAVhero@@PAVmapCell@@HHH@Z
0x000273d8	?HouseEvent@advManager@@QAEXPAVhero@@PAVmapCell@@@Z
0x000274db	?CombatMonsterEvent@advManager@@QAECPAVhero@@CFPAVmapCell@@HHCHH@Z
0x000276bd	?GiveTakeArtifactStat@advManager@@QAEXPAVhero@@CC@Z
0x000278a1	?TransferArtifacts@advManager@@QAEXPAVhero@@0@Z
0x00027a8e	?HeroLoses@advManager@@QAEXPAVhero@@@Z
0x00027af9	?DoWhirlpool@advManager@@QAEXPAVhero@@@Z
0x00027c1b	?FizzleCenter@advManager@@QAEXH@Z
0x00027cdd	?DoAIEvent@advManager@@QAEXPAVmapCell@@PAVhero@@HH@Z
0x00028ce2	?PlayerMonsterInteract@advManager@@QAEXPAVmapCell@@0PAVhero@@PACHHCHH@Z
0x00028e5f	?ComputerMonsterInteract@advManager@@QAEXPAVmapCell@@PAVhero@@PAC@Z
0x00028f98	?DoNetCombat@advManager@@QAEHPAD@Z
0x00029107	?DoCombat@advManager@@QAEHHHPAVhero@@PAVarmyGroup@@PAVtown@@01HHHC@Z
0x0002968b	?SendHeroTownData@advManager@@QAEXHHPAVhero@@PAVarmyGroup@@PAVtown@@01HHHCCCC@Z
0x0002990d	?ReceiveHeroTownData@advManager@@QAEXPADPAH11PAPAVhero@@PAPAVarmyGroup@@PAPAVtown@@23111PAC55@Z
0x00029c60	??0searchArray@@QAE@XZ
0x00029c70	?Clear@searchArray@@QAEXXZ
0x00029ca0	?QuickDistance@searchArray@@QAEFFFFF@Z
0x00029cf0	?TerrainStepCost@@YAFCC@Z
0x00029d50	?CalcTerrainCost@@YAHHHHH@Z
0x00029da0	?FindCombatPath@searchArray@@QAEFFFPAVarmy@@C@Z
0x0002a070	?PushCombatPoint@searchArray@@QAEXFFGG@Z
0x0002a1a0	?PushPoint@searchArray@@QAEXFFGGGCCCCCCC@Z
0x0002a440	?TestPossibleDirections@searchArray@@QAEXFFQAC0FH@Z
0x0002a6a0	?CanFit@army@@QAEFPAF@Z
0x0002a8a0	?ValidFlight@army@@QAEFFC@Z
0x0002ac90	?FlyTo@army@@QAEFXZ
0x0002acac	?FlyTo@army@@QAEFF@Z
0x0002b400	?Write@playerData@@QAEXH@Z
0x0002b5f2	?Read@playerData@@QAEXH@Z
0x0002b7d3	?NextHero@playerData@@QAECH@Z
0x0002b8d3	?HasMobileHero@playerData@@QAECXZ
0x0002b929	?CountVisitedObelisks@playerData@@QAECXZ
0x0002b97f	?BuildingsOwned@playerData@@QAEHHHH@Z
0x0002ba35	?NumOfGivenArtifact@playerData@@QAEHH@Z
0x0002bab9	?ComputeUALoc@@YAXH@Z
0x0002bdda	?VisitObelisk@game@@QAEXC@Z
0x0002bf56	?IsMobile@game@@QAECC@Z
0x0002bfee	?GetWorldMapData@game@@QAEPAY0EI@VmapCell@@XZ
0x0002c001	?CreateBoat@game@@QAECCC@Z
0x0002c0cf	?Scan@game@@QAECPACCC@Z
0x0002c11a	?RandomScan@game@@QAECPACCCH@Z
0x0002c17e	?GetNewHeroId@game@@QAECC@Z
0x0002c263	?GetTownId@game@@QAECCC@Z
0x0002c2cc	?GetMineId@game@@QAECCC@Z
0x0002c335	?GenerateStandardFileName@@YAXPAD0@Z
0x0002c4dd	?SaveGame@game@@QAEFPADC@Z
0x0002cc73	?LoadGame@game@@QAEFPADHH@Z
0x0002d4f2	?NewGameHandler@@YAFAAUtag_message@@@Z
0x0002d9e5	?UpdateNewGameWindow@game@@QAEXXZ
0x0002dc78	?GiveTroopsToNeutralTowns@game@@QAEXXZ
0x0002dec4	?NewGame@game@@QAECXZ
0x0002e2ad	?ShowCampaignInfo@game@@QAEXHHH@Z
0x0002e521	?InitEntireCampaign@game@@QAEXH@Z
0x0002e595	?InitCampaignMap@game@@QAEXHH@Z
0x0002e7f0	?NewMap@game@@QAEXPAD@Z
0x0002f621	?GetObjectFamily@@YAHH@Z
0x0002f672	?SettleOverlay@game@@QAEXHH@Z
0x0002f830	?RandomizeEvents@game@@QAEXXZ
0x00030344	?LoadMap@game@@QAEFPAD@Z
0x0003070a	?ClaimTown@game@@QAEXCC@Z
0x000309a5	?ClaimMine@game@@QAEXCC@Z
0x00030bef	?ViewSpells@game@@QAECPAVhero@@CP6AFAAUtag_message@@@ZC@Z
0x00030e2a	?SetupSpellRange@game@@QAEXF@Z
0x00030eca	?UpdateSpellWidgets@game@@QAEXXZ
0x0003109e	?ViewSpellsHandler@@YAFAAUtag_message@@@Z
0x00031532	?ViewSpecialHandler@@YAFAAUtag_message@@@Z
0x0003165b	?ViewArmy@game@@QAEXFFCFPAVtown@@CCCPAVhero@@PAVarmy@@PAVarmyGroup@@@Z
0x00031f0a	?ViewArmyHandler@@YAFAAUtag_message@@@Z
0x00032089	?Overview@game@@QAEXXZ
0x00032d0a	?GetRandomNumTroops@game@@QAECC@Z
0x00032f67	?TurnOnAIMusic@game@@QAEXXZ
0x00032f81	?TurnOffAIMusic@game@@QAEXXZ
0x00032f8c	?NextPlayer@game@@QAEXXZ
0x000334ac	?ComputeDailyGold@game@@QAEHH@Z
0x000336ce	?PerDay@game@@QAEXXZ
0x00033b9c	?PerWeek@game@@QAEXXZ
0x0003435e	?PerMonth@game@@QAEXXZ
0x0003461e	?RandomizeTown@game@@QAEXCCC@Z
0x00034b87	?SetupTown@game@@QAEXCC@Z
0x00034e9f	?RandomizeMine@game@@QAEXCC@Z
0x00035425	?GetRandomArtifactId@game@@QAECXZ
0x00035483	?RandomizeHeroPool@game@@QAEXXZ
0x00035566	?SetRandomHeroArmies@game@@QAEXFH@Z
0x000357f5	?ProcessRandomObjects@game@@QAEXH@Z
0x00035a74	?SetVisibility@game@@QAEXFFFF@Z
0x00035ca3	?GiveArmy@game@@QAEXPAVarmyGroup@@HHH@Z
0x00035d6b	?ExperienceValueOfStack@game@@QAEHPAVarmyGroup@@PAVhero@@@Z
0x00035de5	?SGenRand@@YAHXZ
0x00035e77	?SRandom@@YAHHH@Z
0x00035ecc	?SIncRandomize@@YAXHH@Z
0x00035f56	?SRand@@YAXH@Z
0x00035f6f	?GetLuck@game@@QAEHPAVhero@@PAVarmy@@@Z
0x00036026	?FindAdjacentMonster@advManager@@QAECHHPAH0HH@Z
0x00036320	?SetupAdjacentMons@game@@QAEXXZ
0x000363dc	?CancelComputerScreen@game@@QAEXXZ
0x00036431	?ShowComputerScreen@game@@QAEXXZ
0x00036536	?ShowHeroesLogo@game@@QAEXXZ
0x000365d2	?WaitForPlayer@game@@QAEXPADH@Z
0x000366f6	?RandomizeTerrainTiles@game@@QAEXXZ
0x00036796	?ProcessMapExtra@game@@QAEXXZ
0x0003689d	?SetupTowns@game@@QAECXZ
0x00036a6c	?ProcessOnMapHeroes@game@@QAEXXZ
0x00036d91	?CheckHeroConsistency@game@@QAEXXZ
0x000370d2	?TransmitSaveGame@game@@QAEHHH@Z
0x000376cf	?ReceiveSaveGame@game@@QAEHHH@Z
0x00037b7f	?DoNewTurn@game@@QAEXXZ
0x00038134	?GetBoatsBuilt@game@@QAEHXZ
0x00038180	?GetMap@game@@SAXXZ
0x000384f3	?GetNumThievesGuilds@game@@QAEHH@Z
0x00038573	?CalcDifficultyRating@game@@QAEHXZ
0x00038856	?GetBaseScore@@YAHH@Z
0x00038934	?ShowScenInfo@game@@QAEXXZ
0x00038d44	?RandomizePlayerCrests@game@@QAEXXZ
0x00038e58	?RestoreCell@game@@QAEXHHHHPAVmapCell@@H@Z
0x00038f20	??0hero@@QAE@XZ
0x00038f7d	?GetArmyStrengths@hero@@QAEXQAI@Z
0x00038f8a	?HasArtifact@hero@@QAECC@Z
0x00038fd5	?CalcMobility@hero@@QAEFXZ
0x00039192	?HasSpell@hero@@QAECC@Z
0x000391d3	?GetNumSpells@hero@@QAEFC@Z
0x0003929b	?UseSpell@hero@@QAEXC@Z
0x0003949f	?AddSpell@hero@@QAEHCCH@Z
0x00039646	?RedrawHeroScreen@hero@@QAEXXZ
0x0003968e	?HeroView@hero@@QAECC@Z
0x00039cd8	?HeroMessageUpdate@@YAXPAD@Z
0x00039d44	?HeroScreenUpdate@hero@@QAEXXZ
0x00039ddd	?UpdateArmies@hero@@QAEXXZ
0x00039f93	?ViewStat@hero@@QAEXCC@Z
0x0003a114	?ViewArtifact@hero@@QAEXCC@Z
0x0003a152	?Dismiss@hero@@QAECXZ
0x0003a199	?Deallocate@hero@@QAEXXZ
0x0003a599	?GetExperience@hero@@QAEHH@Z
0x0003a64e	?GetLevel@hero@@QAEHH@Z
0x0003a725	?ApplyBattleWinTemps@hero@@QAEXXZ
0x0003a89e	?ApplyBattleLossTemps@hero@@QAEXXZ
0x0003a8b1	?CheckLevel@hero@@QAEXXZ
0x0003ab68	?NumArtifacts@hero@@QAEHXZ
0x0003abb3	?UpdateHeroScreenStatusBar@@YAXF@Z
0x0003b0b5	?HeroHandler@@YAFAAUtag_message@@@Z
0x0003b700	??0hexcell@@QAE@XZ
0x0003b73f	?TakeOccupant@hexcell@@QAEPAV1@PAV1@@Z
0x0003b781	?DrawGround@hexcell@@QAEXXZ
0x0003b7c1	?DrawOccupant@hexcell@@QAEXXZ
0x0003b832	?DrawTower@hexcell@@QAEXC@Z
0x0003b956	?DrawWall@hexcell@@QAEXXZ
0x0003bbcf	?DrawObstacle@hexcell@@QAEXXZ
0x0003bd60	??0highScoreManager@@QAE@XZ
0x0003bddf	??1highScoreManager@@QAE@XZ
0x0003bdf3	?Open@highScoreManager@@UAEFF@Z
0x0003bf37	?Close@highScoreManager@@UAEXXZ
0x0003bf85	?Main@highScoreManager@@UAEFAAUtag_message@@@Z
0x0003c17f	?Update@highScoreManager@@QAEXXZ
0x0003c7b0	_PollSound
0x0003c7f1	?ForcePollSound@@YAXXZ
0x0003c808	?InitMainClasses@@YAXXZ
0x0003cd20	?DeleteMainClasses@@YAXXZ
0x0003cfcb	?EarlySetup@@YAHXZ
0x0003d0c4	?oldmain@@YAHXZ
0x0003dd8f	?toupper@@YADD@Z
0x0003de12	?InterpretCommandLine@@YAHXZ
0x0003e05e	?InitMenuHandler@@YAFAAUtag_message@@@Z
0x0003e1b2	?NullHandler@@YAFAAUtag_message@@@Z
0x0003e1bb	?RecruitHeroHandler@@YAFAAUtag_message@@@Z
0x0003e319	?GetBuildingName@@YAPADHF@Z
0x0003e349	?GetBuildingCost@@YAXHFQAHH@Z
0x0003e3cf	?GetMonsterName@@YAPADH@Z
0x0003e3de	?GetMonsterCost@@YAXHQAH@Z
0x0003e49c	?CanBuild@@YACPAVtown@@F@Z
0x0003e5a0	?CanBuy@@YACPAVtown@@F@Z
0x0003e656	?GetBuildingBaseResourceValue@@YAHHHH@Z
0x0003e693	?NormalDialog@@YAXPADHHHHHHHH@Z
0x0003f440	?UpdateNormalDialog@@YAXPAD@Z
0x0003f4a2	?WaitHandler@@YAFAAUtag_message@@@Z
0x0003f5ef	?EventWindowHandler@@YAFAAUtag_message@@@Z
0x0003f6a2	?TrueFalseDialogHandler@@YAFAAUtag_message@@@Z
0x0003f6b3	?PlayerDead@@YAXH@Z
0x0003f7f8	?HandleRemoteDeadPlayerExit@@YAXH@Z
0x0003f882	?HandleRemoteSuddenExit@@YAXXZ
0x0003f956	?ReceiveRemotePlayerExit@@YAXCCCC@Z
0x0003fb8e	?CheckEndGame@@YAXH@Z
0x000404c4	?QuickViewWait@@YAXXZ
0x0004053e	?InitVars@@YAXXZ
0x000406b3	?ShowMoraleInfo@game@@QAEXPAVhero@@H@Z
0x00040aa5	?ShowLuckInfo@game@@QAEXPAVhero@@H@Z
0x00040c72	?ClearMapExtra@@YAXXZ
0x00040ccf	?GetMonType@@YAFHH@Z
0x00040d39	?AddScoreToHighScore@@YAHHHPAD0@Z
0x00041066	?BVResMsg@@YAXPADHH@Z
0x000410b7	?GOut@@YAXPAD@Z
0x000410d6	?NetPosToGamePos@@YACH@Z
0x000410f1	?WaitForOtherPlayer@@YACXZ
0x000411a2	?PopNetBox@@YAXPAD@Z
0x000417fc	?AddNetBoxLine@@YAXPAD@Z
0x00041824	?ShutDown@@YAXPAD@Z
0x00041943	?FileError@@YAXPAD@Z
0x00041977	?ShowCongrats@@YAXXZ
0x00041d6c	?CongratsWait@@YAXXZ
0x00041df7	?GetDataEntry@@YAXPAD0H0@Z
0x00041f97	?DataEntryWindowHandler@@YAFAAUtag_message@@@Z
0x00042146	?MemError@@YAXXZ
0x000421a6	?MemSize@@YAHH@Z
0x000421b0	?CheckMem@@YACXZ
0x000421b7	?GetTownName@@YAPADH@Z
0x00042254	?IsCDDrive@@YA_NH@Z
0x00042254	IsCDDrive
0x0004228d	?LoadSystemwideIcons@@YAXXZ
0x000422e6	?UnloadSystemwideIcons@@YAXXZ
0x00042331	?EarlyShutDownSystem@@YAXXZ
0x00042336	?GameUnsaved@@YAHXZ
0x0004238b	?HandleAppSpecificMenuCommands@@YAHH@Z
0x000428ae	?UpdateSystemOptionsMenu@@YAXXZ
0x00042bcc	?CleanUpMenus@@YAXXZ
0x00042c49	?UpdateAppSpecificMenus@@YAXPAX@Z
0x00042c5e	?EarlyResizeWindow@@YAXHHHH@Z
0x00042ca0	_WinMain@16
0x00042dba	?AppInit@@YAHPAUHINSTANCE__@@0HPAD@Z
0x00043048	?AppIdle@@YAHXZ
0x00043052	?AppWndProc@@YGJPAUHWND__@@IIJ@Z
0x000436ff	_AppAbout@16
0x00043766	?AppExit@@YAXXZ
0x00043775	?Process1WindowsMessage@@YAXXZ
0x000437f4	?ResizeWindow@@YAXHHHH@Z
0x00043911	?AppCommand@@YAHPAUHWND__@@IIH@Z
0x00043a76	?UpdateDfltMenu@@YAXPAUHMENU__@@@Z
0x00043b24	?KBChangeMenu@@YAXPAUHMENU__@@@Z
0x00043bb5	?SetMenuStatus@@YAXH@Z
0x00043ccd	?SetNoDialogMenus@@YAXH@Z
0x00043d1f	?SetMenus@@YAXPAUHMENU__@@H@Z
0x00043e4a	?SetGameDefaults@@YAXXZ
0x00043f8f	?ReadPrefs@@YAXXZ
0x000443f7	?WritePrefs@@YAXXZ
0x00044702	?DriveSupportsFreeSpaceQuery@@YA_ND@Z
0x00044702	DriveSupportsFreeSpaceQuery
0x00044774	?SetupCDDrive@@YAHXZ
0x00044774	SetupCDDrive
0x00044ae3	?SetWinText@@YAXPAVheroWindow@@F@Z
0x00044b4e	?KBTickCount@@YAHXZ
0x00044b59	?ProcessAssert@@YAXHPADH@Z
0x00044bae	?FindToken@@YAPADPADD@Z
0x00044bfe	?FindLastToken@@YAPADPADD@Z
0x00044c90	?is_netbios_avail@@YAHXZ
0x00044d24	_nb_init
0x00044ebf	_nb_term
0x00045089	_nb_rcv
0x00045121	_nb_snd
0x0004520f	_nb_sess
0x000456ff	_nb_stat
0x00045712	?nb_thr_ctl@@YAXXZ
0x0004592e	?nb_add_name@@YAXXZ
0x000459e3	?nb_add_name_done@@YGXPAU_NCB@@@Z
0x00045b79	?nb_recv_any@@YAGH@Z
0x00045c27	?nb_recv_any_done@@YGXPAU_NCB@@@Z
0x00045d49	?nb_call@@YAGHPAX@Z
0x00045e00	?nb_listen@@YAGHPAX@Z
0x00045eb7	?nb_call_done@@YGXPAU_NCB@@@Z
0x00045fb1	?nb_arm_recv@@YAXH@Z
0x000460d7	?nb_close_session@@YAXH@Z
0x00046185	?nb_recv_complete@@YAXH@Z
0x000462be	?nb_format_name@@YAXPADPAE@Z
0x00046370	?DelayTicks@@YAXH@Z
0x0004639e	?DelayTil@@YAXPAH@Z
0x000463d9	?DelayMilli@@YAXH@Z
0x000463ef	?DelayTilMilli@@YAXH@Z
0x00046450	?FindPath@army@@QAEFFFCCC@Z
0x0004656e	?ValidPath@army@@QAEFFC@Z
0x000465f4	?GetMoveMask@army@@QAEFF@Z
0x00046666	?GetAttackMask@army@@QAEFFCC@Z
0x00046712	?ValidMove@army@@QAEFF@Z
0x00046735	?ValidMove@army@@QAEFFF@Z
0x000468bc	?ValidAttack@army@@QAEFFFFFPAF@Z
0x00046ad2	?GetAdjacentCellIndex@army@@QAEFFF@Z
0x00046bb6	?GetAdjacentCellIndexNoArmy@@YAFFF@Z
0x00046c74	?ValidRange@army@@QAEFF@Z
0x000470ce	?OppositeDirection@@YAFF@Z
0x00047103	?GetBestDirection@army@@QAEFFFF@Z
0x00047900	?AiPrint@@YAXPAD@Z
0x00047914	?AbsAiPrint@@YAXPAD@Z
0x00047951	?ResetHeroRVs@@YAXHHH@Z
0x00047aa1	?CheckDoMain@@YAXHH@Z
0x00047c6b	?ShowStatus@@YAXXZ
0x00047c70	?ShowDebugText@philAI@@QAEXPAD@Z
0x00047cee	??0philAI@@QAE@XZ
0x00047d3f	?DoAllHeroInteractions@philAI@@QAEXXZ
0x00047dc7	?CheckBuyStuff@philAI@@QAEXXZ
0x000481b6	?GoodAdjacent@philAI@@QAEHPAVhero@@PAH@Z
0x0004834a	?CheckReload@philAI@@QAEXPAVhero@@@Z
0x000486ce	?CheckBerserk@philAI@@QAEXPAVhero@@@Z
0x000488e4	?DoDimensionDoor@philAI@@QAECPAVhero@@@Z
0x00048a6f	?DoAI@philAI@@QAEXH@Z
0x0004919e	?GetGameAIVars@philAI@@QAEXXZ
0x000491dd	?GetTurnAIVars@philAI@@QAEXH@Z
0x000497c8	?GetBestBHC@philAI@@QAEXHAAUBHC@@@Z
0x00049d14	?DetermineHeroToMove@philAI@@QAEPAVhero@@H@Z
0x00049dfe	?DetermineTargetPosition@philAI@@QAEXPAVhero@@AAC1F@Z
0x0004a69b	?ProbableOutcomeOfBattle@philAI@@QAEXPAVarmyGroup@@PAVhero@@010CCHAAMAAH3333@Z
0x0004abfa	?GetOddsOfWinning@philAI@@QAEMH@Z
0x0004ac0d	?ValueOfBuyingBuilding@philAI@@QAEXPAVtown@@HAAHAAM@Z
0x0004b114	?GetBestBuilding@philAI@@QAEXPAVtown@@AAUBHC@@AAM@Z
0x0004b215	?ValueOfBuyingCreature@philAI@@QAEXPAVtown@@HAAHHAAM@Z
0x0004b47d	?GetBestCreature@philAI@@QAEXPAVtown@@AAUBHC@@AAM@Z
0x0004b605	?CreaturesToBuy@philAI@@QAEHPAVtown@@H@Z
0x0004b644	?CreaturesToBuy@philAI@@QAEHHH@Z
0x0004b68b	?MaxBuyableCreatures@philAI@@QAEHH@Z
0x0004b70d	?ValueOfBuyingHero@philAI@@QAEXPAVtown@@PAVhero@@AAHAAM@Z
0x0004b891	?GetBestHero@philAI@@QAEXPAVtown@@AAUBHC@@AAM@Z
0x0004b9bd	?LikelihoodOfEnemyAttacking@philAI@@QAEXPAVtown@@PAVhero@@AAM2AAH332@Z
0x0004ba11	?MeanRVOfUnexploredTerritory@philAI@@QAEHH@Z
0x0004ba20	?GetGameAttentionValue@philAI@@QAEXH@Z
0x0004bb6d	?GetTurnAttentionValue@philAI@@QAEXH@Z
0x0004bc33	?RVConversion@philAI@@QAEHQAH@Z
0x0004bca4	?TurnsToBuy@philAI@@QAEMQAH@Z
0x0004bd6b	?RVOfPosition@philAI@@QAEHPAVhero@@FFCFFCFFH@Z
0x0004c217	?StrategicValueOfPosition@philAI@@QAEHPAVhero@@FFCPAH@Z
0x0004ca51	?ValueOfTown@philAI@@QAEHPAVtown@@@Z
0x0004cb0a	?TurnCostResource@philAI@@QAEXH@Z
0x0004cc15	?TurnValueOfObelisk@philAI@@QAEMH@Z
0x0004cd10	?FutureDeflator@philAI@@QAEMQAH@Z
0x0004cd57	?FightValueOfStack@philAI@@QAEHPAVarmyGroup@@PAVhero@@HCC@Z
0x0004d38f	?EvaluateOneTimeCreaturePurchase@philAI@@QAEXPAVhero@@HHHAAH11@Z
0x0004d521	?QuickCombat@philAI@@QAEHPAVarmyGroup@@PAVhero@@01CCAAM2@Z
0x0004d821	?HeroInteractionAtTown@philAI@@QAEXPAVhero@@PAVtown@@HPAH@Z
0x0004e236	?ChooseGoldOrExperience@philAI@@QAEHPAVhero@@HH@Z
0x0004e275	?ChooseEvaluateBattle@philAI@@QAEXPAVarmyGroup@@PAVhero@@01HHHAAH2@Z
0x0004e319	?ChooseToBuyArtifact@philAI@@QAEHPAVhero@@HH@Z
0x0004e35b	?ChooseToPayRansomOnHero@philAI@@QAEHPAVhero@@H@Z
0x0004e36d	?BuildBuilding@philAI@@QAEXPAVtown@@F@Z
0x0004e4ad	?BuildHero@philAI@@QAEXPAVtown@@F@Z
0x0004e6d0	?BuildCreature@philAI@@QAEXPAVtown@@HH@Z
0x0004e77d	?CanBuyBHC@philAI@@QAEHAAUBHC@@@Z
0x0004e8bc	?CombatMonsterEvent@philAI@@QAECPAVhero@@CPAHPAVmapCell@@@Z
0x0004ea2c	?FightEvent@philAI@@QAEXPAVhero@@PAVmapCell@@@Z
0x0004ec5b	?DamageGroup@philAI@@QAEHPAVarmyGroup@@PAVhero@@1M@Z
0x0004ecb0	?StatChangeValue@philAI@@QAEMHH@Z
0x0004ecff	?IncrementHourGlass@philAI@@QAEXXZ
0x0004edcb	?TownEvent@philAI@@QAEXPAVmapCell@@PAVhero@@HH@Z
0x0004efb4	?ValueOfEventAtPosition@philAI@@QAEHPAVhero@@FFHPAH@Z
0x00050d30	?SetupRecruitWin@@YAXPAVheroWindow@@HHHHH@Z
0x00050ef9	?Open@recruitUnit@@UAEFF@Z
0x00051154	?Close@recruitUnit@@UAEXXZ
0x0005120b	?Update@recruitUnit@@QAEXXZ
0x00051325	?Main@recruitUnit@@UAEFAAUtag_message@@@Z
0x00051697	??0recruitUnit@@QAE@PAVarmyGroup@@HPAF@Z
0x00051753	??0recruitUnit@@QAE@PAVtown@@C@Z
0x0005182c	?QuickViewRecruit@@YAXPAVtown@@C@Z
0x000519f0	?RemoteCleanup@@YAXXZ
0x00051a56	?ReadFileBlock@@YAPAXPADPAXHH@Z
0x00051abb	?FileSize@@YAHPAD@Z
0x00051b2f	?RemoteMain@@YAXH@Z
0x00051d50	?UnloadRemoteDriver@@YAXF@Z
0x00051d83	?calc_crc@@YAXPAGPAEH@Z
0x00051e2e	?EncodePacket@@YAHPAECCH@Z
0x00051ea9	?DecodePacket@@YAHPAEH@Z
0x00051f5b	?SendRemoteData@@YAHPAE0HH@Z
0x0005206a	?ReceiveRemoteData@@YAHPAE0H@Z
0x00052137	?InitNetHost@@YACXZ
0x000522a4	?InitNetGuest@@YACXZ
0x0005247d	?WaitForHost@@YACXZ
0x000524f2	?WaitForGuest@@YACXZ
0x000525c8	?nbnet_init@@YAHXZ
0x0005275e	?ModemSetup@@YAXXZ
0x0005283e	?Dial@@YAHXZ
0x000528d3	?Wait@@YAHXZ
0x0005291e	?GUIModemCommand@@YAXPAD0@Z
0x00052980	?GUIModemCommandExec@@YACXZ
0x000529ff	?ModemCommand@@YAXPAD@Z
0x00052a5e	?GUIModemResponse@@YACPAD0@Z
0x00052ac9	?GUIModemResponseExec@@YACXZ
0x00052b7c	?write_buffer@@YAHPADH@Z
0x00052b9d	?read_byte@@YAHXZ
0x00052bd0	?write_byte@@YAXH@Z
0x00052be9	?Connect@@YAXXZ
0x00052e5f	?WaitForDirectConnect@@YAHXZ
0x00053122	?ReadPacket@@YADXZ
0x00053206	?WriteModemPacket@@YAXPADH@Z
0x000532e8	?TransmitRemoteData@@YAHPADHHCCCCC@Z
0x000534cb	?GetRemoteData@@YAPADC@Z
0x000535af	?PollRemote@@YAXXZ
0x00053a1b	?TransmitAndWait@@YAHPADHHCCPAPAD@Z
0x00053b70	?ShowThisMap@@YAHPAD@Z
0x00053b7a	??0fileRequester@@QAE@FFFPBD00@Z
0x00054354	??1fileRequester@@QAE@XZ
0x00054368	?Close@fileRequester@@UAEXXZ
0x00054459	?Open@fileRequester@@UAEFF@Z
0x00054826	?SetOK@fileRequester@@QAEXC@Z
0x0005488d	?Main@fileRequester@@UAEFAAUtag_message@@@Z
0x00055329	?UpdateMapInfo@fileRequester@@QAEXXZ
0x000553a7	?DoKnob@fileRequester@@QAEXXZ
0x00055602	?Update@fileRequester@@QAEXC@Z
0x00055aa0	?GetMapName@fileRequester@@QAEPADXZ
0x00055af9	?GetFilename@fileRequester@@QAEPADXZ
0x00055c0e	?ShowMapInfo@fileRequester@@QAEXXZ
0x00055e50	?FindNearestObject@searchArray@@QAEFFFFFE@Z
0x00056080	?BuildPath@searchArray@@QAEHFFFFF@Z
0x00056150	?SeedPosition@searchArray@@QAEXFFFFHHHHHHHH@Z
0x00056b10	?SetupCampaignGame@game@@QAECXZ
0x00056c1d	?SetupBaud@game@@QAECXZ
0x00056d56	?SetupComPort@game@@QAECXZ
0x00056f04	?SetupHotSeatGame@game@@QAECXZ
0x0005700b	?SetupNetworkGame@game@@QAECXZ
0x000570f2	?SetupModemGame@game@@QAECXZ
0x0005738b	?SetupMultiPlayerGame@game@@QAECXZ
0x0005752d	?SetupGame@game@@QAECC@Z
0x0005789f	?PickLoadGame@game@@QAECXZ
0x00057a60	?SetupCampaignGameHandler@@YAFAAUtag_message@@@Z
0x00057b37	?SetupComPortHandler@@YAFAAUtag_message@@@Z
0x00057c3e	?SetupBaudHandler@@YAFAAUtag_message@@@Z
0x00057d45	?SetupHotSeatGameHandler@@YAFAAUtag_message@@@Z
0x00057e0d	?SetupModemGameHandler@@YAFAAUtag_message@@@Z
0x00057f05	?SetupMultiPlayerGameHandler@@YAFAAUtag_message@@@Z
0x00057fdc	?SetupNetworkGameHandler@@YAFAAUtag_message@@@Z
0x00058089	?SetupGameHandler@@YAFAAUtag_message@@@Z
0x00058151	?BaseSetupHandler@@YAFAAUtag_message@@@Z
0x00058240	?InitSmackSound@@YAXXZ
0x00058240	InitSmackSound
0x000583cf	?ShutdownSmackSound@@YAXXZ
0x000583cf	ShutdownSmackSound
0x000583f9	?ConvertSmackerPalette@@YAXPAE@Z
0x000583f9	ConvertSmackerPalette
0x00058433	?DoAdvance@@YAXPAUSmack@@HHHH@Z
0x00058433	DoAdvance
0x0005856f	?SmackMain@@YAXXZ
0x0005856f	SmackMain
0x00058cab	?CloseSmackers@@YAXXZ
0x00058cab	CloseSmackers
0x00058cf4	?PlaySmacker@@YAHH@Z
0x00058cf4	PlaySmacker
0x00058de0	?DoSpellAI@combatManager@@QAEHC@Z
0x00058f76	?DetermineEffectOfSpell@combatManager@@QAEXHPAH0@Z
0x000593a3	?RawEffectSpellInfluence@combatManager@@QAEHPAVarmy@@H@Z
0x000595e9	?ClearEffects@combatManager@@QAEXXZ
0x0005963b	?NextPos@combatManager@@QAEXPAH@Z
0x00059678	?FirstArmy@combatManager@@QAEHHHPAH@Z
0x000596de	?EffectSpellCure@combatManager@@QAEXPAHHC@Z
0x000598ea	?EffectSpellResurrect@combatManager@@QAEXPAHH@Z
0x000599be	?EffectSpellDamage@combatManager@@QAEXPAHHHH@Z
0x00059e90	?ViewSpells@combatManager@@QAECH@Z
0x00059faf	?CombatSpecialHandler@@YAFAAUtag_message@@@Z
0x0005a0b0	?HandleCastSpell@@YAFAAUtag_message@@@Z
0x0005a30d	?ValidSpellTarget@combatManager@@QAECCC@Z
0x0005a572	?SpellMessage@combatManager@@QAEXCC@Z
0x0005a668	?CastSpell@combatManager@@QAEXCCCC@Z
0x0005b2c6	?DefaultSpell@combatManager@@QAEXC@Z
0x0005b375	?CastMassSpell@combatManager@@QAEXCC@Z
0x0005b6f8	?CancelSideSpells@combatManager@@QAEXCC@Z
0x0005b7e8	?Fireball@combatManager@@QAEXC@Z
0x0005bbeb	?MeteorShower@combatManager@@QAEXC@Z
0x0005bfed	?ElementalStorm@combatManager@@QAEXXZ
0x0005c2bd	?Armageddon@combatManager@@QAEXXZ
0x0005c6b0	??0strip@@QAE@FFCFCPAVarmyGroup@@FH@Z
0x0005c940	??1strip@@QAE@XZ
0x0005ca47	?Draw@strip@@QAEXXZ
0x0005ca7e	?DrawIcons@strip@@QAEXC@Z
0x0005ccb1	?DrawFrame@strip@@QAEXXZ
0x0005ccdd	??0bankBox@@QAE@FFPAVplayerData@@@Z
0x0005cdb1	??1bankBox@@QAE@XZ
0x0005cde5	?Update@bankBox@@QAEXXZ
0x0005cee0	??0swapManager@@QAE@XZ
0x0005cf4a	??0swapManager@@QAE@PAVhero@@0@Z
0x0005cf7d	?Reset@swapManager@@QAEXXZ
0x0005cfab	?Open@swapManager@@UAEFF@Z
0x0005d25f	?Close@swapManager@@UAEXXZ
0x0005d373	?DrawSelector@swapManager@@QAEXXZ
0x0005d515	?Main@swapManager@@UAEFAAUtag_message@@@Z
0x0005dda1	?ViewMon@swapManager@@QAEXXZ
0x0005de3b	?SwapArtifacts@swapManager@@QAEXXZ
0x0005df61	?SwapMons@swapManager@@QAEXXZ
0x0005e1ba	?Update@swapManager@@QAEXXZ
0x0005e628	?SplitMons@swapManager@@QAEXXZ
0x0005e9c0	??0town@@QAE@XZ
0x0005ea20	?HasGarrison@town@@QAECXZ
0x0005ea63	?GiveSpells@town@@QAEXXZ
0x0005eb1c	?XformToCastle@town@@QAEXXZ
0x0005ec84	?View@town@@QAEXXZ
0x0005ed10	?Deallocate@town@@QAEXXZ
0x0005ee90	??0townObject@@QAE@PAD@Z
0x0005f053	??1townObject@@QAE@XZ
0x0005f0a9	?Draw@townObject@@QAEXC@Z
0x0005f1ac	??0townManager@@QAE@XZ
0x0005f215	?Open@townManager@@UAEFF@Z
0x0005f93d	?Close@townManager@@UAEXXZ
0x0005fb18	?SetArmyCommand@townManager@@QAEXF@Z
0x00060294	?SetCommandAndText@townManager@@QAEXAAUtag_message@@@Z
0x00060770	?ShowText@townManager@@QAEXPAD@Z
0x000607db	?Main@townManager@@UAEFAAUtag_message@@@Z
0x000619b5	?DoCommand@townManager@@QAEXC@Z
0x00061fb6	?RedrawTownScreen@townManager@@QAEXXZ
0x00062053	?SplitArmy@townManager@@QAEXXZ
0x00062387	?ShiftQualChange@townManager@@QAEXXZ
0x0006243d	?ResetStrips@townManager@@QAEXXZ
0x000624c8	?Toggle@townManager@@QAEXC@Z
0x0006254d	?DrawTown@townManager@@QAEXCH@Z
0x00062630	?BuyBuild@townManager@@QAEFFCC@Z
0x00063402	?BuildObj@townManager@@QAEXF@Z
0x00063761	?SetupCastle@townManager@@QAEXPAVheroWindow@@@Z
0x00063bbb	?SetupWell@townManager@@QAEXPAVheroWindow@@@Z
0x00063e70	?SetupMage@townManager@@QAEXPAVheroWindow@@@Z
0x0006412c	?MageGuildHandler@@YAFAAUtag_message@@@Z
0x00064277	?SetupThievesGuild@townManager@@QAEXPAVheroWindow@@F@Z
0x0006452c	?GetCategoryStats@townManager@@QAEXCQAHQAC@Z
0x00064937	?SortStats@townManager@@QAEXQAHQAC@Z
0x00064a22	?GetBuildingName@townManager@@QAEPADF@Z
0x00064a47	?RecruitHero@townManager@@QAECC@Z
0x00065376	?TavernHandler@@YAFAAUtag_message@@@Z
0x0006549b	?DoTavern@townManager@@QAEXXZ
0x0006559a	?CastleHandler@@YAFAAUtag_message@@@Z
0x00065bea	?SplitArmyHandler@@YAFAAUtag_message@@@Z
0x00065ef0	?ViewGeneral@combatManager@@QAECHHH@Z
0x000663ee	?HandleViewGeneral@@YAFAAUtag_message@@@Z
0x00066595	?ViewArmy@combatManager@@QAEXPAVarmy@@HH@Z
0x00066710	?DDRestoreDisplayMode@@YAXXZ
0x0006674e	?DDQueryNewPalette@@YAHXZ
0x0006677b	?CreatePrimary@@YAXXZ
0x000667f8	?SetupClipper@@YAXXZ
0x000668b6	?DDInitGraphics@@YAXXZ
0x000669ef	?DDAppPaint@@YAHPAUHWND__@@PAUHDC__@@@Z
0x00066ed3	?DDInitializePalette@@YAXXZ
0x00066fe8	?DDSetPalette@@YAHXZ
0x0006706a	?DDCreateSurface@@YAPAUIDirectDrawSurface@@IIH@Z
0x0006716a	?DDSD@@YAXHPADH@Z
0x00067557	?DDUpdatePalette@@YAXPAC@Z
0x0006764c	?DDCleanUpWinGraphics@@YAXXZ
0x000677a0	?DDSetFullScreenStatus@@YAXH@Z
0x00067a31	?WGQueryNewPalette@@YAHXZ
0x00067aa3	?WGInitGraphics@@YAXXZ
0x00067bde	?WGUpdatePalette@@YAXPAC@Z
0x00067d9b	?WGInitializePalette@@YAXXZ
0x00067f3d	?WGAppPaint@@YAHPAUHWND__@@PAUHDC__@@@Z
0x000680f4	?WGCleanUpWinGraphics@@YAXXZ
0x0006815b	?ConnectToDLLs@@YAXXZ
0x000681b1	?DisconnectDLLs@@YAXXZ
0x000681cb	?RestoreDisplayMode@@YAXXZ
0x000681e0	?SetPalette@@YAHXZ
0x000681f7	?GetGraphicsInfo@@YAXXZ
0x00068265	?InitGraphics@@YAXXZ
0x000682ab	?AppPaint@@YAHPAUHWND__@@PAUHDC__@@@Z
0x000682db	?InitializePalette@@YAXXZ
0x000682f5	?UpdatePalette@@YAXPAC@Z
0x0006831d	?CleanUpWinGraphics@@YAXXZ
0x0006833c	?SetFullScreenStatus@@YAXH@Z
0x000683c0	?QueryNewPalette@@YAHXZ
0x000683da	?SetGraphicsType@@YAHH@Z
0x000688c0	??0baseManager@@QAE@XZ
0x000689a0	?CleanupSamples@@YAXXZ
0x000689a0	CleanupSamples
0x00068b02	?FindSampleNode@@YAPAU?$AudiereNode@Vsample@@@@PAVsample@@@Z
0x00068b02	FindSampleNode
0x00068b37	?PlaySample@@YAXPAVsample@@@Z
0x00068b37	PlaySample
0x00068ec4	?LoadPlaySample@@YAPAVsample@@PAD@Z
0x00068ec4	LoadPlaySample
0x00068eed	?StopSample@@YAXPAVsample@@@Z
0x00068eed	StopSample
0x00068f5e	?UpdateSampleVolume@@YAXPAVsample@@@Z
0x00068f5e	UpdateSampleVolume
0x00068fb6	?WaitSample@@YAXPAVsample@@@Z
0x00068fb6	WaitSample
0x00069019	?StopAllSamples@@YAXXZ
0x00069019	StopAllSamples
0x00069090	?UpdateAllSampleVolumes@@YAXXZ
0x00069090	UpdateAllSampleVolumes
0x000690f1	?SuspendSamples@@YAXXZ
0x000690f1	SuspendSamples
0x00069103	?ResumeSamples@@YAXXZ
0x00069103	ResumeSamples
0x00069115	?SamplesSuspended@@YA_NXZ
0x00069115	SamplesSuspended
0x000692b6	?ShouldRepeatMusic@@YA_NH@Z
0x000692b6	ShouldRepeatMusic
0x000692fd	?PlayMusic@@YAXH@Z
0x000692fd	PlayMusic
0x00069738	?GetCurrentTrack@@YAHXZ
0x00069738	GetCurrentTrack
0x00069742	?StopMusic@@YAXXZ
0x00069742	StopMusic
0x000698a6	?UpdateMusicVolume@@YAXXZ
0x000698a6	UpdateMusicVolume
0x000698fb	?SetMusicSource@@YAXH@Z
0x000698fb	SetMusicSource
0x00069a23	?MusicPlaying@@YA_NXZ
0x00069a23	MusicPlaying
0x00069a59	?SuspendMusic@@YAXXZ
0x00069a59	SuspendMusic
0x00069a6b	?ResumeMusic@@YAXXZ
0x00069a6b	ResumeMusic
0x00069a7d	?MusicSuspended@@YA_NXZ
0x00069a7d	MusicSuspended
0x00069b56	?VolumeLevel@@YAMH@Z
0x00069b56	VolumeLevel
0x00069b65	?GetAudioDevice@@YA?AV?$RefPtr@VAudioDevice@audiere@@@audiere@@XZ
0x00069b65	GetAudioDevice
0x00069bd5	?InitAudio@@YA_NXZ
0x00069bd5	InitAudio
0x00069d07	?ShutdownAudio@@YAXXZ
0x00069d07	ShutdownAudio
0x00069d63	?GetEffectsVolume@@YAMXZ
0x00069d63	GetEffectsVolume
0x00069d6e	?ScaleSampleVolume@@YAMH@Z
0x00069d6e	ScaleSampleVolume
0x00069d83	?GetMusicVolume@@YAMXZ
0x00069d83	GetMusicVolume
0x00069d8e	?StopAllAudio@@YAXXZ
0x00069d8e	StopAllAudio
0x00069d9d	?SetEffectsVolume@@YAXH@Z
0x00069d9d	SetEffectsVolume
0x00069db9	?SetMusicVolume@@YAXH@Z
0x00069db9	SetMusicVolume
0x00069dd5	?SetVolumes@@YAXHH@Z
0x00069dd5	SetVolumes
0x00069e60	??4?$RefPtr@VOutputStream@audiere@@@audiere@@QAEAAV01@PAVOutputStream@1@@Z
0x00069ef0	??4?$RefPtr@VSampleSource@audiere@@@audiere@@QAEAAV01@PAVSampleSource@1@@Z
0x00069f80	??1?$AudiereNode@Vsample@@@@QAE@XZ
0x00069fb0	?CycleColors@@YAXXZ
0x0006a14c	??0heroWindowManager@@QAE@XZ
0x0006a1eb	?Open@heroWindowManager@@UAEFF@Z
0x0006a2f5	?Close@heroWindowManager@@UAEXXZ
0x0006a456	?Main@heroWindowManager@@UAEFAAUtag_message@@@Z
0x0006a4b4	?BroadcastMessage@heroWindowManager@@QAEFFFFF@Z
0x0006a4f1	?AddWindow@heroWindowManager@@QAEXPAVheroWindow@@FC@Z
0x0006a657	?RemoveWindow@heroWindowManager@@QAEXPAVheroWindow@@@Z
0x0006a740	?DoDialog@heroWindowManager@@QAEFPAVheroWindow@@P6AFAAUtag_message@@@ZH@Z
0x0006a8e8	?UpdateScreen@heroWindowManager@@QAEXXZ
0x0006a917	?UpdateScreenRegion@heroWindowManager@@QAEXFFFF@Z
0x0006aa74	?RedrawScreen@heroWindowManager@@QAEXXZ
0x0006aaa3	?FadeScreen@heroWindowManager@@QAEXFFPAVpalette@@@Z
0x0006ab76	?ScreenShot@heroWindowManager@@QAEXXZ
0x0006abdb	?Cleanup@heroWindowManager@@QAEXXZ
0x0006abe6	?SaveFizzleSource@heroWindowManager@@QAEXFFFF@Z
0x0006b11d	?FizzleForward@heroWindowManager@@QAEXFFFFH@Z
0x0006b487	?ReleaseFizzleSource@heroWindowManager@@QAEXXZ
0x0006b510	??0mouseManager@@QAE@XZ
0x0006b612	?Open@mouseManager@@UAEFF@Z
0x0006b6aa	?Close@mouseManager@@UAEXXZ
0x0006b83a	?Main@mouseManager@@UAEFAAUtag_message@@@Z
0x0006b84a	?SetPointer@mouseManager@@QAEXPADF@Z
0x0006b8b2	?SetPointer@mouseManager@@QAEXF@Z
0x0006bf6f	?ReallyShowPointer@mouseManager@@QAEXXZ
0x0006bf87	?ReallyHidePointer@mouseManager@@QAEXXZ
0x0006bf92	?HideColorPointer@mouseManager@@QAEXXZ
0x0006bf9d	?RestoreUnderlying@mouseManager@@QAEXXZ
0x0006bfc0	?SaveAndDraw@mouseManager@@QAEXPAVbitmap@@FFF@Z
0x0006bfcd	?MovePointer@mouseManager@@QAEXFF@Z
0x0006bfda	?ShowColorPointer@mouseManager@@QAEXXZ
0x0006bfe5	?NewUpdate@mouseManager@@QAEXH@Z
0x0006bff2	?WarpPointer@mouseManager@@QAEXFF@Z
0x0006c00c	?MouseCoords@mouseManager@@QAEXAAF0@Z
0x0006c062	?SetCursorShape@mouseManager@@QAEXH@Z
0x0006c06f	?SetColorMice@mouseManager@@QAEXH@Z
0x0006c07c	?HideSystemCursor@mouseManager@@QAEXXZ
0x0006c08f	?ShowSystemCursor@mouseManager@@QAEXXZ
0x0006c0e0	??0resourceManager@@QAE@XZ
0x0006c15a	?GetBackdrop@resourceManager@@QAEXPADPAVbitmap@@@Z
0x0006c1d4	?GetBackdropAtLoc@resourceManager@@QAEXPADPAVbitmap@@HH@Z
0x0006c25b	?GetPalette@resourceManager@@QAEPAVpalette@@PAD@Z
0x0006c31b	?GetBitmap@resourceManager@@QAEPAVbitmap@@PAD@Z
0x0006c3db	?GetIcon@resourceManager@@QAEPAVicon@@PAD@Z
0x0006c407	?GetIcon@resourceManager@@QAEPAVicon@@F@Z
0x0006c4b7	?GetTileset@resourceManager@@QAEPAVtileset@@PAD@Z
0x0006c577	?GetMouse@resourceManager@@QAEPAVmouse@@PAD@Z
0x0006c586	?GetFont@resourceManager@@QAEPAVfont@@PAD@Z
0x0006c646	?GetSample@resourceManager@@QAEPAVsample@@PAD@Z
0x0006c705	?Dispose@resourceManager@@QAEXPAVresource@@@Z
0x0006c77a	?AddResource@resourceManager@@QAEXPAVresource@@@Z
0x0006c7bd	?Expunge@resourceManager@@QAEXXZ
0x0006c83b	?Query@resourceManager@@QAEPAVresource@@F@Z
0x0006c876	?Main@resourceManager@@UAEFAAUtag_message@@@Z
0x0006c886	?Open@resourceManager@@UAEFF@Z
0x0006c8ec	?RemoveResource@resourceManager@@QAEXPAVresource@@@Z
0x0006c94d	?Close@resourceManager@@UAEXXZ
0x0006c9bb	?LoadAggregateHeader@resourceManager@@QAEFPAD@Z
0x0006caa0	?PointToFile@resourceManager@@QAEXF@Z
0x0006cb72	?GetFileSize@resourceManager@@QAEIF@Z
0x0006cc33	?SavePosition@resourceManager@@QAEXXZ
0x0006cc53	?RestorePosition@resourceManager@@QAEXXZ
0x0006cc76	?ReadByte@resourceManager@@QAECXZ
0x0006ccbe	?ReadWord@resourceManager@@QAEFXZ
0x0006cd09	?ReadLong@resourceManager@@QAEHXZ
0x0006cd54	?MakeId@resourceManager@@QAEFPAD@Z
0x0006cd95	?Read13@resourceManager@@QAEXPAD@Z
0x0006cdb0	?ReadBlock@resourceManager@@QAEXPAXI@Z
0x0006ce40	??0backdropWidget@@QAE@XZ
0x0006ce6b	??0backdropWidget@@QAE@FFFFFF@Z
0x0006ceaa	?Read@backdropWidget@@QAEXXZ
0x0006cf21	?Main@backdropWidget@@UAEFAAUtag_message@@@Z
0x0006cf3a	?Draw@backdropWidget@@UAEXXZ
0x0006cfd0	??_GbackdropWidget@@UAEPAXI@Z
0x0006d000	??1backdropWidget@@UAE@XZ
0x0006d020	??0heroWindow@@QAE@XZ
0x0006d0b2	??0heroWindow@@QAE@FFFFF@Z
0x0006d150	??0heroWindow@@QAE@FFPAD@Z
0x0006d6f0	?Open@heroWindow@@QAEFFC@Z
0x0006d775	?Close@heroWindow@@QAEXXZ
0x0006d817	?AddWidget@heroWindow@@QAEXPAVwidget@@F@Z
0x0006d92a	?RemoveWidget@heroWindow@@QAEXPAVwidget@@@Z
0x0006da11	?BroadcastMessage@heroWindow@@QAEFAAUtag_message@@@Z
0x0006da72	?DrawWindow@heroWindow@@QAEXXZ
0x0006da87	?DrawWindow@heroWindow@@QAEXF@Z
0x0006daab	?DrawWindow@heroWindow@@QAEXFHH@Z
0x0006db7e	?SaveBackground@heroWindow@@QAEFXZ
0x0006dc28	?RestoreBackground@heroWindow@@QAEXXZ
0x0006dcb2	?MoveWindow@heroWindow@@QAEXFF@Z
0x0006deb0	??0iconWidget@@QAE@XZ
0x0006dfa0	??0iconWidget@@QAE@FFFFPADCCFFF@Z
0x0006e041	?Read@iconWidget@@QAEXXZ
0x0006e13a	??1iconWidget@@UAE@XZ
0x0006e195	?Main@iconWidget@@UAEFAAUtag_message@@@Z
0x0006e439	?Draw@iconWidget@@UAEXXZ
0x0006e530	??_GiconWidget@@UAEPAXI@Z
0x0006e560	?KeyboardMessageHandler@@YAHPAXIIH@Z
0x0006e9c4	?MouseMessageHandler@@YAHPAXIIH@Z
0x0006ecfe	??0inputManager@@QAE@XZ
0x0006ed9e	?Open@inputManager@@UAEFF@Z
0x0006ee42	?Close@inputManager@@UAEXXZ
0x0006eea6	?Main@inputManager@@UAEFAAUtag_message@@@Z
0x0006eeb6	?Flush@inputManager@@QAEXXZ
0x0006eed9	?GetEvent@inputManager@@QAE?AUtag_message@@XZ
0x0006f008	?SetPositiveOption@inputManager@@QAEXF@Z
0x0006f062	?SetKeyCodeType@inputManager@@QAEXF@Z
0x0006f085	?TranslateInputCharacterCp1251@@YAXAAUtag_message@@@Z
0x0006f0b9	?AsciiConvert@inputManager@@QAEXAAUtag_message@@@Z
0x0006f3cb	?MakeScanCodeTable@inputManager@@QAEXXZ
0x0006f870	?BlitBitmapToScreen@@YAXPAVbitmap@@HHHHHH@Z
0x0006f9f5	?GrabScreenBitmap@@YAXPAVbitmap@@HH@Z
0x0006fa55	?SetPalette@@YAXPACH@Z
0x0006faa5	?FadeIn@@YAXH@Z
0x0006fc12	?FadeOut@@YAXH@Z
0x0006fd8a	?Random@@YAHHH@Z
0x0006fdc3	?PostprocessPalette@@YAXPAC@Z
0x0006fe58	?PostprocessBitmap@@YAXPAEHH@Z
0x0006fe5d	?PostprocessIcon@@YAXPAVicon@@@Z
0x0006fe62	?ClippedMonoIconToBitmap@@YAXPAVicon@@PAVbitmap@@HHHHHHHHH@Z
0x00070076	?ClipIconToBitmap@@YAXPAVicon@@PAVbitmap@@HHHHHHHH@Z
0x000703b8	?IconToBitmap@@YAXPAVicon@@PAVbitmap@@HHHH@Z
0x0007048e	?FlipIconToBitmap@@YAXPAVicon@@PAVbitmap@@HHHH@Z
0x0007055a	?MonoIconToBitmap@@YAXPAVicon@@PAVbitmap@@HHHHH@Z
0x00070630	?FlipMonoIconToBitmap@@YAXPAVicon@@PAVbitmap@@HHHHH@Z
0x00070704	?DimIconToBitmap@@YAXPAVicon@@PAVbitmap@@HHHH@Z
0x000707de	?FlipDimIconToBitmap@@YAXPAVicon@@PAVbitmap@@HHHH@Z
0x000708b4	?ClippedIconToBitmap@@YAXPAVicon@@PAVbitmap@@HHHH@Z
0x00070b14	?FlipClippedIconToBitmap@@YAXPAVicon@@PAVbitmap@@HHHH@Z
0x00070d6c	_TileToBitmap
0x00070ea0	??0icon@@QAE@F@Z
0x00070f5f	??1icon@@UAE@XZ
0x00070f8a	?DrawToBuffer@icon@@QAEXFFFCC@Z
0x000712a1	?ClipFillToBuffer@icon@@QAEXFFFFCCHHHH@Z
0x000712f5	?FillToBuffer@icon@@QAEXFFFFCC@Z
0x00071453	?DimToBuffer@icon@@QAEXFFFCC@Z
0x00071740	??_Gicon@@UAEPAXI@Z
0x00071770	??0textWidget@@QAE@XZ
0x000717c8	??0textWidget@@QAE@FFFFPAD0FFF@Z
0x0007186d	?Read@textWidget@@QAEXXZ
0x00071997	??1textWidget@@UAE@XZ
0x00071a01	?Main@textWidget@@UAEFAAUtag_message@@@Z
0x00071c39	?Draw@textWidget@@UAEXXZ
0x00071c9f	?SetColorIndex@textWidget@@QAEXF@Z
0x00071cb7	?SetText@textWidget@@QAEXPAD@Z
0x00071da0	??_GtextWidget@@UAEPAXI@Z
0x00071dd0	??0font@@QAE@F@Z
0x00071e97	??1font@@UAE@XZ
0x00071ef2	?RemapCyrillicCharacter@@YAHH@Z
0x00071f3e	?DrawString@font@@QAEXPADFFF@Z
0x0007203d	?DrawBoundedString@font@@QAEXPADFFFFFF@Z
0x0007238c	?LineLength@font@@QAEHPADF@Z
0x000725eb	?LineWidth@font@@QAEHPAD@Z
0x00072760	??_Gfont@@UAEPAXI@Z
0x00072790	_BitTest
0x000727be	_BitSet
0x000727de	_BitClear
0x00072800	?BlitBitmap@@YAXPAVbitmap@@HHHH0HH@Z
0x00072874	?MoveBitmapArea@@YAXPAVbitmap@@HHHHHH@Z
0x0007295a	?DimBitmapArea@@YAXPAVbitmap@@HHHH@Z
0x000729a6	?FillBitmapArea@@YAXPAVbitmap@@HHHHH@Z
0x000729f0	??0executive@@QAE@XZ
0x00072a25	?InitSystem@executive@@QAEFXZ
0x00072ae2	?ShutDownSystem@executive@@QAEXXZ
0x00072b98	?DoDialog@executive@@QAEFPAVbaseManager@@@Z
0x00072d21	?AddManager@executive@@QAEFPAVbaseManager@@F@Z
0x00072e6a	?RemoveManager@executive@@QAEXPAVbaseManager@@@Z
0x00072f2d	?CallManager@executive@@QAEXPAVbaseManager@@@Z
0x00072fb5	?MainLoop@executive@@QAEXXZ
0x00073180	??0bitmap@@QAE@XZ
0x000731cc	??0bitmap@@QAE@FFF@Z
0x00073230	??0bitmap@@QAE@F@Z
0x00073336	??1bitmap@@UAE@XZ
0x00073374	?DrawToBuffer@bitmap@@QAEXFF@Z
0x000733bf	?DrawToScreen@bitmap@@QAEXFF@Z
0x00073400	?GrabScreen@bitmap@@QAEXFF@Z
0x00073423	?GrabBitmap@bitmap@@QAEXPAV1@FF@Z
0x0007345e	?Write@bitmap@@QAEXPAD@Z
0x00073501	?CopyTo@bitmap@@QAEXPAV1@HHHHHH@Z
0x000735e0	??_Gbitmap@@UAEPAXI@Z
0x00073610	?MAKEFILEID@@YAIPAD@Z
0x00073780	?DecodeData@@YAHPAD0@Z
0x000738ab	?EncodeData@@YAHPAD0I@Z
0x00073c8f	?InitializeTree@@YAXXZ
0x00073cf7	?InsertNode@@YAXF@Z
0x00073fa0	?DeleteNode@@YAXF@Z
0x00074172	?EncodeCharacter@@YAXG@Z
0x00074216	?UpdateEncoderTree@@YAXF@Z
0x000743a9	?ReconstructEncoderTree@@YAXXZ
0x000745e1	?PutCode@@YAXFG@Z
0x000746ed	?EncodePosition@@YAXG@Z
0x0007474c	?EncodeEnd@@YAXXZ
0x000747d0	??0palette@@QAE@XZ
0x0007480a	??0palette@@QAE@F@Z
0x0007489d	??1palette@@UAE@XZ
0x000748c8	?Data@palette@@QAEPACXZ
0x00074920	??_Gpalette@@UAEPAXI@Z
0x00074950	??0border@@QAE@XZ
0x0007498e	??0border@@QAE@FFFFFFFPAD@Z
0x00074a2c	??1border@@UAE@XZ
0x00074a90	?Read@border@@QAEXXZ
0x00074b79	?Main@border@@UAEFAAUtag_message@@@Z
0x00074d52	?Draw@border@@UAEXXZ
0x00074e70	??_Gborder@@UAEPAXI@Z
0x00074ea0	??0tileset@@QAE@F@Z
0x00074fbc	??1tileset@@UAE@XZ
0x00075020	??_Gtileset@@UAEPAXI@Z
0x00075050	??0sample@@QAE@PAD@Z
0x00075282	??1sample@@UAE@XZ
0x00075340	??_Gsample@@UAEPAXI@Z
0x00075370	??0widget@@QAE@FFFFFF@Z
0x000753fb	??0widget@@QAE@XZ
0x00075478	??1widget@@UAE@XZ
0x0007548c	?Open@widget@@QAEFFPAVheroWindow@@@Z
0x000754b0	?Close@widget@@QAEXXZ
0x000754bb	?Main@widget@@UAEFAAUtag_message@@@Z
0x00075783	?Dim@widget@@QAEXXZ
0x00075830	??0textEntryWidget@@QAE@XZ
0x00075945	??1textEntryWidget@@UAE@XZ
0x000759a0	?Read@textEntryWidget@@QAEXH@Z
0x00075c01	?Main@textEntryWidget@@UAEFAAUtag_message@@@Z
0x00076671	?Draw@textEntryWidget@@UAEXXZ
0x00076838	?SetupDisplayString@textEntryWidget@@QAEXPADG@Z
0x00076ab0	??_GtextEntryWidget@@UAEPAXI@Z
0x00076ae0	??0dimmerWidget@@QAE@XZ
0x00076b0b	??0dimmerWidget@@QAE@FFFFFF@Z
0x00076b4a	?Read@dimmerWidget@@QAEXXZ
0x00076bc1	?Main@dimmerWidget@@UAEFAAUtag_message@@@Z
0x00076bda	?Draw@dimmerWidget@@UAEXXZ
0x00076c30	??_GdimmerWidget@@UAEPAXI@Z
0x00076c60	??1dimmerWidget@@UAE@XZ
0x00076c80	??0button@@QAE@XZ
0x00076e34	?Read@button@@QAEXXZ
0x00076f2f	??1button@@UAE@XZ
0x00076f8a	?Main@button@@UAEFAAUtag_message@@@Z
0x0007739f	?Select@button@@QAEFAAUtag_message@@@Z
0x0007748b	?Deselect@button@@QAEFAAUtag_message@@@Z
0x00077545	?Draw@button@@UAEXXZ
0x00077620	??_Gbutton@@UAEPAXI@Z
0x00077650	??0resource@@QAE@XZ
0x0007768c	??0resource@@QAE@FFFPAV0@@Z
0x000776cf	??1resource@@UAE@XZ
0x0007771c	_LzhufMemmove
0x00077769	_GetBit
0x000777ee	_DecodePosition
0x000778b8	_UpdateDecoderTree
0x000779d1	_ReconstructDecoderTree
0x00077b24	_Decode
0x00078c90	_strcmp
0x00078df9	_rand
0x00078e48	_exit
0x00079136	__chdir
0x000791c0	_memcmp
0x00079289	_pow
0x00079518	_atoi
0x0007986e	_ftell
0x0007a097	__open
0x0007a380	__strnicmp
0x0007a490	__strcmpi
0x0007a560	__purecall
0x00088740	__strrev
0x0008a36c	?gEnvironmentVolume@@3QBHB
0x0008a38c	??_7advManager@@6B@
0x0008a398	__real@8@4006c300000000000000
0x0008a3a0	__real@8@40059200000000000000
0x0008a3a8	__real@8@40059400000000000000
0x0008a3b0	__real@8@3ff9f5c28f5c28f5c000
0x0008a3b8	__real@8@3ff9a3d70a3d70a3d800
0x0008a3c0	__real@8@3ffba3d70a3d70a3d800
0x0008a3c8	__real@8@3ffaa3d70a3d70a3d800
0x0008a3d0	__real@8@3ffaccccccccccccd000
0x0008a3d8	__real@8@3ffaf5c28f5c28f5c000
0x0008a3e0	__real@8@3fff8cccccccccccd000
0x0008a3e8	__real@8@3fff9999999999999800
0x0008a3f0	__real@8@3ffe8000000000000000
0x0008a3f8	__real@4@40008000000000000000
0x0008a400	__real@8@3fff8000000000000000
0x0008a408	__real@8@3ffeffbe76c8b4395800
0x0008a410	__real@4@4005c800000000000000
0x0008a414	??_7combatManager@@6B@
0x0008a420	__real@8@3ffd8a3d70a3d70a4000
0x0008a428	__real@8@3ffe947ae147ae147800
0x0008a430	__real@4@3fff8000000000000000
0x0008a438	__real@8@3fffdd70a3d70a3d7000
0x0008a440	__real@8@4000eeb851eb851eb800
0x0008a450	__real@8@3fffe000000000000000
0x0008a458	__real@8@3fffb999999999999800
0x0008a460	__real@8@3fffa51eb851eb852000
0x0008a468	__real@8@3ffec000000000000000
0x0008a470	__real@8@3fffae147ae147ae1800
0x0008a478	__real@8@3fff9eb851eb851eb800
0x0008a480	__real@8@3ffc8000000000000000
0x0008a488	__real@8@4004f000000000000000
0x0008a490	__real@8@3ffd8000000000000000
0x0008a498	__real@8@4003f000000000000000
0x0008a4a0	??_7highScoreManager@@6B@
0x0008a4ac	_AI_TARGET_HUMAN_VALUE_FACTOR
0x0008a4b0	_AI_STRATEGIC_POSITION_SCORE_FACTOR
0x0008a4b4	_AI_CREATURE_SAME_RACE_FACTOR
0x0008a4b8	_AI_FUTURE_DEFLATION_RATE
0x0008a4bc	_AI_HERO_PURCHASE_SAME_RACE_FACTOR
0x0008a4c0	_AI_ATTENTION_IDENTITY_FLOAT
0x0008a4c4	_AI_ATTENTION_IDENTITY
0x0008a4c8	__real@4@4000c000000000000000
0x0008a4d0	__real@8@3ffeccccccccccccd000
0x0008a4d8	__real@8@3fffd999999999999800
0x0008a4e0	__real@8@3ffbccccccccccccd000
0x0008a4e8	__real@8@3ffbf5c28f5c28f5c000
0x0008a4f0	__real@8@3ffb8f5c28f5c28f6000
0x0008a4f8	__real@8@40048400000000000000
0x0008a500	__real@8@3ffdccccccccccccd000
0x0008a508	__real@8@3ff0a7c5ac471b478800
0x0008a510	__real@8@3fffa666666666666800
0x0008a518	__real@4@4007fa00000000000000
0x0008a51c	__real@4@00000000000000000000
0x0008a520	__real@8@3ffea8f5c28f5c28f800
0x0008a528	__real@8@4005c800000000000000
0x0008a530	__real@8@3fffa000000000000000
0x0008a538	__real@8@3fffaa3d70a3d70a4000
0x0008a540	__real@8@3ffd9999999999999800
0x0008a548	__real@8@3ffcccccccccccccd000
0x0008a550	__real@4@4012f424000000000000
0x0008a558	__real@8@3fff91eb851eb851e800
0x0008a560	__real@8@3ffeb333333333333000
0x0008a568	__real@8@3ffc9999999999999800
0x0008a570	__real@8@3fff8e147ae147ae1800
0x0008a578	__real@8@4000c000000000000000
0x0008a580	__real@8@3fffd47ae147ae147800
0x0008a588	__real@4@400abb80000000000000
0x0008a590	__real@8@3fffccccccccccccd000
0x0008a598	__real@8@3ffda8f5c28f5c28f800
0x0008a5a0	__real@8@3ffef5c28f5c28f5c000
0x0008a5a8	__real@8@3fff970a3d70a3d70800
0x0008a5b0	__real@4@4006c800000000000000
0x0008a5b8	__real@8@4005b400000000000000
0x0008a5c0	__real@8@4001a000000000000000
0x0008a5c8	__real@8@40018000000000000000
0x0008a5d0	__real@8@3ffceb851eb851eb8800
0x0008a5d8	__real@8@4007fa00000000000000
0x0008a5e0	__real@8@3fffb333333333333000
0x0008a5e8	__real@8@4000a000000000000000
0x0008a5f0	__real@4@40018000000000000000
0x0008a5f4	__real@4@4001a000000000000000
0x0008a5f8	__real@8@40008000000000000000
0x0008a600	__real@4@4006fa00000000000000
0x0008a604	__real@4@4004c000000000000000
0x0008a608	__real@8@00000000000000000000
0x0008a610	__real@8@3ffee666666666666800
0x0008a618	__real@8@4000e000000000000000
0x0008a620	__real@8@3ffefd70a3d70a3d7000
0x0008a628	__real@8@3ffea666666666666800
0x0008a630	__real@8@3ffe9999999999999800
0x0008a638	__real@8@3ffce147ae147ae14800
0x0008a640	__real@8@3ff8a3d70a3d70a3d800
0x0008a648	__real@8@3ffe8a3d70a3d70a4000
0x0008a650	__real@4@400b9c40000000000000
0x0008a654	__real@4@4009fa00000000000000
0x0008a658	__real@4@4008fa00000000000000
0x0008a660	__real@8@3ffed999999999999800
0x0008a668	__real@4@4001c000000000000000
0x0008a66c	__real@4@4009bb80000000000000
0x0008a670	__real@4@4007c800000000000000
0x0008a678	__real@8@c008bb80000000000000
0x0008a680	__real@4@400a9c40000000000000
0x0008a688	__real@8@4008fa00000000000000
0x0008a690	__real@4@4005e200000000000000
0x0008a694	__real@4@4005fa00000000000000
0x0008a698	__real@4@40068200000000000000
0x0008a69c	__real@4@40068800000000000000
0x0008a6a0	__real@4@4004a000000000000000
0x0008a6a4	__real@4@4004f000000000000000
0x0008a6a8	??_7recruitUnit@@6B@
0x0008a6b4	??_7fileRequester@@6B@
0x0008a6c0	__real@8@40069c00000000000000
0x0008a6c8	__real@8@4004e000000000000000
0x0008a6d0	_SPELL_AI_SLOW_MODIFIER
0x0008a6d4	_SPELL_AI_BLIND_MODIFIER
0x0008a6d8	_SPELL_AI_CURSE_MODIFIER
0x0008a6dc	_SPELL_AI_PARALYZE_MODIFIER
0x0008a6e0	_SPELL_AI_BERSERK_MODIFIER
0x0008a6e4	_SPELL_AI_HASTE_MODIFIER
0x0008a6e8	_SPELL_AI_BLESS_MODIFIER
0x0008a6ec	_SPELL_AI_STONESKIN_MODIFIER
0x0008a6f0	_SPELL_AI_SHIELD_MODIFIER
0x0008a6f8	__real@8@4005e100000000000000
0x0008a700	??_7swapManager@@6B@
0x0008a70c	?gTownObjectType@@3QAY0BA@$$CBCA
0x0008a74c	??_7townManager@@6B@
0x0008a758	??_7baseManager@@6B@
0x0008a764	__real@4@4005fe00000000000000
0x0008a768	??_7heroWindowManager@@6B@
0x0008a778	??_7mouseManager@@6B@
0x0008a784	??_7resourceManager@@6B@
0x0008a790	??_7backdropWidget@@6B@
0x0008a79c	??_7iconWidget@@6B@
0x0008a7a8	??_7inputManager@@6B@
0x0008a7b4	??_7icon@@6B@
0x0008a7b8	??_7textWidget@@6B@
0x0008a7c4	??_7font@@6B@
0x0008a7c8	??_7bitmap@@6B@
0x0008a7cc	??_7palette@@6B@
0x0008a7d0	??_7border@@6B@
0x0008a7dc	??_7tileset@@6B@
0x0008a7e0	??_7sample@@6B@
0x0008a7e4	??_7widget@@6B@
0x0008a7f0	??_7textEntryWidget@@6B@
0x0008a7fc	??_7dimmerWidget@@6B@
0x0008a808	??_7button@@6B@
0x0008a814	??_7resource@@6B@
0x0008e140	?gLimitUpdMinX@@3HA
0x0008e144	?gCurBottomViewEnemy@@3HA
0x0008e148	?gLastHourGlassPhase@@3HA
0x0008e9e4	$SG584164
0x0008e9f0	$SG584176
0x0008e9fc	$SG584188
0x0008ea00	$SG584192
0x0008ea10	$SG584208
0x0008ea1c	$SG584220
0x0008ea20	$SG584224
0x0008ea24	$SG584228
0x0008ea34	$SG584244
0x0008ea40	$SG584256
0x0008ea44	$SG584260
0x0008ea48	$SG584264
0x0008eb04	$SG584452
0x0008eb10	$SG584464
0x0008eb1c	$SG584476
0x0008eb28	$SG584488
0x0008eb34	$SG584500
0x0008eb40	$SG584512
0x0008eb4c	$SG584524
0x0008eb58	$SG584536
0x0008eb64	$SG584548
0x0008ef3c	$SG585532
0x0008ef48	$SG585544
0x0008ef54	$SG585556
0x0008ef78	$SG585592
0x0008ef84	$SG585604
0x0008ef90	$SG585616
0x0008ef9c	$SG585628
0x0008efa4	$SG585636
0x0008efac	$SG585644
0x0008efc8	$SG585672
0x0008efd4	$SG585684
0x0008efdc	$SG585692
0x0008efe4	$SG585700
0x0008eff4	$SG585716
0x0008f000	$SG585728
0x0008f010	$SG585744
0x0008f038	$SG585784
0x0008f060	?gSeed@@3HA
0x0008f064	_?gCombatBkgNames@?1??GetBackgroundName@combatManager@@QAEPADXZ@4PAPADA
0x0008f930	$SG588080
0x0008f938	$SG588088
0x0008f948	$SG588104
0x0008f954	$SG588116
0x0008f964	$SG588132
0x0008f974	$SG588148
0x0008f978	$SG588152
0x0008f988	$SG588168
0x0008f994	$SG588180
0x0008f998	$SG588184
0x0008f9a8	$SG588200
0x0008f9ac	$SG588204
0x0008fa5c	?gMoveSoundMade@@3CA
0x0008fa60	?gPixelsPerStep@@3PAFA
0x0008fa6c	?gStepDelay@@3PAFA
0x0008fa78	?startVals@@3PAFA
0x0008fcbc	_?gMonType@?1??PerMonth@game@@QAEXXZ@4PACA
0x0008fcc8	?gLastSeed@@3HA
0x0008fcc8	?gLastSeed@@3IA
0x000902d0	?gCombatGroundNames@@3PAPADA
0x000902ec	?gCombatObstacleNames@@3PAPADA
0x00090308	?gPowEffectNames@@3PAPADA
0x00090348	?gCombatFxNames@@3PAPADA
0x000903b0	?gSpellAIValue@@3PAFA
0x000903ec	?gSpellAIFlags@@3PACA
0x0009040c	?gMageGuildSpellPool@@3PAY07CA
0x0009042c	?gCombatAdjacency@@3PAY05CA
0x0009053c	?horseFrameFlip@@3PAFA
0x0009055c	?boatFrameFlip@@3PAFA
0x0009057c	?gRadarOwnerColor@@3PAFA
0x00090588	?gRadarTerrainColor@@3PAFA
0x000905b8	?gTownObjectNames@@3PAPADA
0x00090608	?gDwellingType@@3PAY05CA
0x00090620	?gMageBuildingCosts@@3PAY06HA
0x00090690	?gNeutralBuildingCosts@@3PAY06HA
0x00090754	?gMageBaseResourceValues@@3PAHA
0x00090764	?gNeutralBaseResourceValues@@3PAHA
0x00090780	?gDwellingBaseResourceValues@@3PAHA
0x000907e0	?gDwellingCosts@@3PAY06HA
0x00090a80	?gCastleResources@@3PACA
0x00090a84	?gCastleAmounts@@3PAFA
0x00090a8c	?gHeroGoldCost@@3FA
0x00090a90	?gVesaMode@@3PAFA
0x00090a9c	?normalDirTable@@3PAUtag_tilePoint@@A
0x00090ac0	?gTownBuildingExtents@@3PAY0BA@UTownBuildingExtent@@A
0x00090cc0	?gDwellingRequirements@@3PAGA
0x00090cf0	?gResourceBaseValue@@3PAHA
0x00090d0c	?gStartingResources@@3PAY06HA
0x00090d7c	?gMineIncome@@3PAHA
0x00090d98	?gArtifactBaseRV@@3PAHA
0x00090e2c	?gUltArtifactAvgValue@@3HA
0x00090e30	?gDataPath@@3PADA
0x00090f90	?gAnimPath@@3PADA
0x000910f0	?gSoundPath@@3PADA
0x000913b0	?gGamePath@@3PADA
0x000913c4	?gMapPath@@3PADA
0x000913d8	?gHeroScoutRadius@@3PACA
0x000913e0	?gClassNavigationMod@@3PAMA
0x00091400	?gVisRangeTown@@3CA
0x00091408	?gMonsterDatabase@@3PAUtag_monsterInfo@@A
0x0009176c	?gStatPower@@3PAMA
0x00091810	?gBattleStat@@3PAMA
0x000918b4	?gMageGuildSpellCount@@3PACA
0x000918b8	?gSpellCastNumMod@@3PAMA
0x0009192c	?gMinExpForLevel@@3PAY0M@FA
0x0009198c	?gRouteFrame@@3PAY07CA
0x000919cc	?gCloudType@@3PAEA
0x00091acc	?gMons32Width@@3PACA
0x00091ae8	?gScoreMon@@3PAY01FA
0x00091b58	?gScoreCampaignMon@@3PAY01FA
0x00091bc8	?gWinSetup@@3PAUWindowTextEntry@@A
0x00091cd8	?townTheme@@3PACA
0x00091ce0	?gCampaignScenarios@@3PAUcampaignScenario@@A
0x00091fe0	?gCampaignSideCrests@@3PAY01CA
0x00091fe8	?gCrestTownTypes@@3PAFA
0x00091ff0	?gCrestHeroClass@@3PAFA
0x00091ff8	?gHeroSkillBonus@@3PAY183CA
0x00092088	?gTownHeroClass@@3PACA
0x00092090	?gMonoColorMap@@3PAEA
0x00092190	?gMonoIconSkip@@3HA
0x00092194	?gEnlargeScreenBlit@@3HA
0x00092198	?gMenuCommand@@3HA
0x000921a0	?gMenuEnableStatus@@3PAUSMenuEnableStatus@@A
0x0009238c	?gArtifactNames@@3PAPADA
0x00092424	?gArtifactDesc@@3PAPADA
0x000924bc	?gArtifactEvent@@3PAPADA
0x00092554	?gStatNames@@3PAPADA
0x00092568	?gStatDesc@@3PAPADA
0x0009257c	?gClassNames@@3PAPADA
0x0009258c	?gArmyNames@@3PAPADA
0x000925fc	?gArmySpriteNames@@3PAPADA
0x0009266c	?gArmyNamesPlural@@3PAPADA
0x000926dc	?gSpellNames@@3PAPADA
0x00092750	?gNeutralBuildingNames@@3PAPADA
0x0009276c	?gDwellingNames@@3PAPADA
0x000927cc	?gTerrainNames@@3PAPADA
0x000927e8	?gResourceNames@@3PAPADA
0x00092804	?gMineNames@@3PAPADA
0x00092820	?gObjectNames@@3PAPADA
0x0009291c	?gTownNames@@3PAPADA
0x000929ac	?gEventText@@3PAPADA
0x00092ae0	?gAPanelHelp@@3PAPADA
0x00092af4	?gInitMenuHelp@@3PAPADA
0x00092b08	?gAdvMenuHelp@@3PAPADA
0x00092b20	?gLuckText@@3PAPADA
0x00092b3c	?gMoraleText@@3PAPADA
0x00092b58	?onOffText@@3PAPADA
0x00092b84	?walkSpeedText@@3PAPADA
0x00092b98	?gColorNames@@3PAPADA
0x00092ba8	?gAlignmentNames@@3PAPADA
0x00092bbc	?gSpellDesc@@3PAPADA
0x00092c30	?gMonthNames@@3PAPADA
0x00092c58	?gWeekNames@@3PAPADA
0x00092c94	?gDwellingDescriptions@@3PAPADA
0x00092cf4	?gArmySizeNames@@3PAY01PADA
0x00092d24	?gHeroScreen@@3PAPADA
0x00092d70	?gCastleInfo@@3PAPADA
0x00092da8	?gLuckInfoText@@3PAPADA
0x00092dd4	?gMemoryErrorTitle@@3PADA
0x00092dd8	?gMemoryRequirements@@3PADA
0x00092ddc	?gExtendedMemoryUnits@@3PADA
0x00092de0	?gConventionalMemoryUnits@@3PADA
0x00092de4	?gPlayerTypeNames@@3PAPADA
0x00092df8	?gSpellHelp@@3PAPADA
0x00092e18	?gSpeedText@@3PAPADA
0x00092e2c	?gArmyStatText@@3PAPADA
0x00092e50	?gOverviewText@@3PAPADA
0x00092e5c	?gNewTurnText@@3PAPADA
0x00092e78	?gViewGeneralLabels@@3PAPADA
0x00092e90	?gViewGeneralHelp@@3PAPADA
0x00092ea8	?gCombatMessage@@3PAPADA
0x00092ecc	?gHeroLevel@@3PAPADA
0x00092ed8	?gCombatHelp@@3PAPADA
0x00092ee4	?gTownCommand@@3PAPADA
0x00092f50	?gHeroNames@@3PAY01PADA
0x00093070	?gCPanelHelp@@3PAPADA
0x000930a0	?gNewGameHelp@@3PAPADA
0x000930c4	?gSetupCampaignGameHelp@@3PAPADA
0x000930d8	?gSetupBaudHelp@@3PAPADA
0x000930ec	?gSetupComPortHelp@@3PAPADA
0x00093100	?gSetupDCBaudHelp@@3PAPADA
0x00093114	?gSetupDCComPortHelp@@3PAPADA
0x00093128	?gSetupHotSeatGameHelp@@3PAPADA
0x00093138	?gSetupModemGameHelp@@3PAPADA
0x00093148	?gSetupDCGameHelp@@3PAPADA
0x00093158	?gSetupMultiPlayerGameHelp@@3PAPADA
0x0009316c	?gSetupNetworkGameHelp@@3PAPADA
0x00093178	?gSetupGameHelp@@3PAPADA
0x00093188	?gBattleResults@@3PAPADA
0x000931b4	?gNeutralBuildingDescriptions@@3PAPADA
0x000931d0	?gMoraleInfoText@@3PAPADA
0x00093224	?gMapSizeNames@@3PAPADA
0x00093230	?gMapDifficultyNames@@3PAPADA
0x00093244	?gCampaignScenarioNames@@3PAPADA
0x00093268	?gCampaignWinTexts@@3PAPADA
0x0009328c	?gCampaignScenarioText@@3PAPADA
0x000932b0	?gDifficultyNames@@3PAPADA
0x000932c0	?gCampaignSideNames@@3PAPADA
0x000932d0	?gScoreLabels@@3PAPADA
0x000932e4	?gHumanPlayerTypeNames@@3PAPADA
0x000932f8	?gHandicapNames@@3PAPADA
0x0009330c	?musicQualityText@@3PAPADA
0x00093318	?gWinSetupText@@3PAPADA
0x00093428	?gRequiredExtendedMemory@@3HA
0x0009342c	?gRequiredConventionalMemory@@3HA
0x00093430	?gFullCombatScreenDrawn@@3HA
0x00093434	?gForceSwitchMusic@@3HA
0x00093438	?gCurrArmyDrawn@@3HA
0x0009343c	?gHighScoreRank@@3CA
0x00093440	?gHighMemBuffer@@3HA
0x0009e700	?gAppName@@3PADA
0x0009e708	?gTitle@@3PADA
0x0009e720	_gCDTrackName
0x0009eda4	?gNbMaxSess@@3EA
0x0009eda8	?gNbGroupName@@3PADA
0x0009edac	?gNbListenName@@3PAEA
0x0009ef78	?gAttackHumanBonus@@3MA
0x0009ef7c	?gAttackComputerBonus@@3MA
0x0009ef80	_?gEvaluatingTravelGates@?1??ValueOfEventAtPosition@philAI@@QAEHPAVhero@@FFHPAH@Z@4HA
0x0009f048	?gNetNameIndex@@3HA
0x0009f054	?gBaudBits@@3HA
0x0009f058	?gLastConfirm@@3HA
0x0009f05c	?gLastHeartbeatReceive@@3HA
0x0009f4e0	?gFRDummy@@3PADA
0x0009f7c0	_gSmackSoundFormats
0x0009f850	?SmackOptions@@3PAUSSmackOptions@@A
0x0009f8f4	_gSmackVolumes
0x0009f97c	_?indexToCastOn@?1??HandleCastSpell@@YAFAAUtag_message@@@Z@4CA
0x000a0190	?gWinGAttached@@3HA
0x000a0194	?gGraphicsType@@3HA
0x000a0198	?gMainVideoModeColorDepth@@3HA
0x000a019c	?gMainVideoModeWidth@@3HA
0x000a01a0	?gMainVideoModeHeight@@3HA
0x000a01a4	?Orientation@@3HA
0x000a01a8	?LogicalPalette@@3UWingPalette@@A
0x000a0d70	_gCurrentTrack
0x000a0d74	_gCDTrackMap
0x000a0f04	_gEffectsVolume
0x000a0f08	_gMusicVolume
0x000a0f0c	_gVolumeLevels
0x000a0ff8	?gMouseOffset@@3PAHA
0x000a1004	?gHotSpot@@3PAY01EA
0x000a1374	?gDynamicConstruct@@3PADA
0x000a1388	_gInputCharacterMapCp1251
0x000a1484	_gIconXAdjust
0x000a1488	_gIconYAdjust
0x000a148c	_gIconDataBase
0x000a1490	_gIconWidth
0x000a1494	_gIconHeight
0x000a149c	_gClipRowsLeft
0x000a14a0	_gClipLeftSkip
0x000a14a4	_gClipVisibleWidth
0x000a14a8	_gClipRowSkip
0x000a14ac	_gClipColumn
0x000a14b0	_gTileScratch
0x000a14b4	_gTileRows
0x000a14b8	_gDimPalette
0x000a15b8	_gBitmapSourceSkip
0x000a15bc	_gBitmapRowSkip
0x000a1680	?gDialogManagerError1@@3PADA
0x000a169c	?gDialogManagerError2@@3PADA
0x000a16b8	?gDialogManagerError3@@3PADA
0x000a16d4	?gDialogManagerError4@@3PADA
0x000a16f0	?gCallManagerError1@@3PADA
0x000a170c	?gCallManagerError2@@3PADA
0x000a1740	_d_code
0x000a1840	_d_len
0x000a1940	_initialSon
0x000a1e28	_initialParent
0x000a2584	_initialFrequency
0x000a2a6c	_positionLength
0x000a2aac	_positionCode
0x000a65a4	?s_drawCellSet@@3EA
0x000a65a8	?iLastAnimFrame@@3HA
0x000a65ac	?giFrameStep@@3HA
0x000a65c8	?s_drawCloudFrame@@3HA
0x000a65cc	?gSaveClean@@3CA
0x000a65d4	?s_drawCovered@@3HA
0x000a65dc	?gLimitUpdMaxX@@3HA
0x000a65e0	?giLimitUpdMaxY@@3HA
0x000a65e4	?bPrefsChanged@@3CA
0x000a65e8	?s_drawMapStoneTile@@3HA
0x000a65ec	?bComboDraw@@3PAY0BB@CA
0x000a6710	?giLimitUpdMinY@@3HA
0x000a6714	?s_drawGroundTile@@3GA
0x000a6728	?gAdventurePanel@@3PAVheroWindow@@A
0x000a672c	?s_drawCloudMirrored@@3CA
0x000a6730	?cArmySizeName@@3PADA
0x000a673c	?gLastScrollTime@@3HA
0x000a6740	?gSandAnim@@3HA
0x000a6744	?gLastHourGlassUpdateTime@@3HA
0x000a6748	?TrigX@@3HA
0x000a674c	?TrigY@@3HA
0x000a6750	?gCurBottomView@@3HA
0x000a6754	?gCurHourGlassPhase@@3HA
0x000a6758	?gForceUpdate@@3HA
0x000a6760	_?gCheatSeq@?1??Main@advManager@@UAEFAAUtag_message@@@Z@4HA
0x000a6764	_?gLastSandAnimTime@?1??UpdBottomViewEnemyTurn@advManager@@QAECXZ@4HA
0x000a6768	_?gLastNewSandAnimTime@?1??UpdBottomViewEnemyTurn@advManager@@QAECXZ@4HA
0x000a676c	_?gFrameCount@?1??ComboDraw@advManager@@QAECFFC@Z@4HA
0x000a6770	_gTargetName
0x000a67d4	?gGenieHalf@@3CA
0x000a67d8	_?gSecondShot@?1??SpecialAttack@army@@QAEXXZ@4HA
0x000a67dc	?gInHighMoraleBonus@@3HA
0x000a67e8	?gComPorts@@3PAUComPortState@@A
0x000a6a88	?giNextActionExtra@@3HA
0x000a6a8c	?gbThisNetHasControl@@3CA
0x000a6a90	?giNextActionGridIndex2@@3HA
0x000a6a94	?iTransferArtifacts@@3PACA
0x000a6aa4	?iCurTransferArtifact@@3HA
0x000a6aa8	?giNextActionGridIndex@@3HA
0x000a6aac	?gNextAction@@3HA
0x000a6ab0	?iMaxTransferArtifacts@@3CA
0x000a6ab4	?giSurrenderCost@@3HA
0x000a6abc	?S1cursorFrameCount@@3FA
0x000a6abe	?S1cursorBaseFrame@@3FA
0x000a6ac0	?S1cursorDirection@@3CA
0x000a6ac2	?S1cursorCycle@@3FA
0x000a6ac4	?S1cursorTurning@@3FA
0x000a6ac6	?EveryOther@@3CA
0x000a6acc	?gEventMusicPlaying@@3CA
0x000a6b9c	_gSearchQueueSlot
0x000a6ba0	_gSearchPivot
0x000a6ba4	_gSearchCell
0x000a6ba8	_gSearchLow
0x000a6bac	_gScanNeighborCell
0x000a6bb0	_gSearchObjectType
0x000a6bb4	_gSearchCurrentCell
0x000a6bb8	_gSearchNeighborX
0x000a6bbc	_gSearchNeighborY
0x000a6bc0	?gCurTempMobility@@3FA
0x000a6bc4	_gSearchTerrainType
0x000a6bc8	_gSearchHigh
0x000a6bcc	_gSearchHeading
0x000a6bd0	?gSavedDifficulties@@3PACA
0x000a6bd4	_s_adjacentGuardX
0x000a6bd8	_s_adjacentGuardY
0x000a6bdc	?gKeptColor@@3CA
0x000a6be0	?gRandomTownTypes@@3PACA
0x000a6be4	?gReqExtraWindow@@3PAVheroWindow@@A
0x000a6be8	_s_adjacentGuardMinX
0x000a6bec	_s_adjacentGuardMinY
0x000a6bf0	?gOldGameDifficulty@@3CA
0x000a6bf4	?gMineTypeNums@@3PAFA
0x000a6c04	_s_adjacentMonsterEndY
0x000a6c08	_s_adjacentMonsterEndX
0x000a6c0c	?gSavedCurPlayer@@3CA
0x000a6c0d	?gbDismissArmy@@3CA
0x000a6c0e	?gSavedKingOfTheHill@@3CA
0x000a6c10	?gCurMapName@@3PADA
0x000a6c20	?gEndSequence@@3HA
0x000a6c24	?gGameOver@@3HA
0x000a6c28	_?gNewGameSettingsSaved@?1??NewGame@game@@QAECXZ@4CA
0x000a6c29	?gShowMapInfo@@3CA
0x000a6c3c	?gHeroWin@@3PAVheroWindow@@A
0x000a6c48	?giDebugLevel@@3HA
0x000a6c4c	?gMapDesc@@3PADA
0x000a6cc8	?iSizeOfMapExtra@@3PAHA
0x000a70c4	?gbFunctionComplete@@3CA
0x000a7164	?gpMouseManager@@3PAVmouseManager@@A
0x000a7168	?gText@@3PADA
0x000a7468	?gBigFont@@3PAVfont@@A
0x000a746c	?gGameCommand@@3FA
0x000a7470	?gBuyBuildIcons@@3PAVicon@@A
0x000a7474	?giHostGamePos@@3HA
0x000a7474	?giThisGamePos@@3HA
0x000a7478	?gImpactOverlayFrame@@3FA
0x000a747c	?giHeroScreenSrcIndex@@3HA
0x000a7480	?gpAdvManager@@3PAVadvManager@@A
0x000a7484	?gTerrainCost@@3PAY01CA
0x000a7492	?giMonthTypeExtra@@3CA
0x000a7493	?bDataEntryTime@@3CA
0x000a7494	?giWeekType@@3CA
0x000a7495	?gbCombatSurrender@@3CA
0x000a7498	?DEFAULT_AGGREGATE_NAME@@3PADA
0x000a749c	?gNumHumanPlayers@@3HA
0x000a74a0	?iMPExtendedType@@3CA
0x000a74a4	?giCurWatchPlayer@@3HA
0x000a74a8	?gpWindowManager@@3PAVheroWindowManager@@A
0x000a74ac	?gpSearchArray@@3PAVsearchArray@@A
0x000a74b0	?gFullMapName@@3PADA
0x000a74c4	?giBottomViewResource@@3HA
0x000a74c8	?gbWaitForRemoteReceive@@3CA
0x000a74cc	?bSpecialHideCursor@@3HA
0x000a74d0	?giWeekTypeExtra@@3CA
0x000a74d4	?giThisNetPos@@3HA
0x000a74d8	?gpResourceManager@@3PAVresourceManager@@A
0x000a74dc	?gbInNewGameSetup@@3HA
0x000a74e0	?gSmallFont@@3PAVfont@@A
0x000a74e4	?gpPhilAI@@3PAVphilAI@@A
0x000a74e8	?gEffectFileId@@3FA
0x000a74ea	?gbNoSound@@3CA
0x000a74ec	?gCommonDialogBox@@3PAVheroWindow@@A
0x000a74f0	?gcWinText@@3PADA
0x000a761c	?giBottomViewOverride@@3HA
0x000a7620	?gShowIntro@@3HA
0x000a7624	?giHighScoreType@@3CA
0x000a7628	?heroWin@@3PAVheroWindow@@A
0x000a762c	?iMaxMapExtra@@3HA
0x000a7634	?gpHighScoreManager@@3PAVhighScoreManager@@A
0x000a7638	?giGroundToTerrain@@3PACA
0x000a76c4	?gLastFilename@@3PADA
0x000a7823	?gbRetreatWin@@3CA
0x000a7824	?gMapX@@3FA
0x000a7826	?gMapY@@3FA
0x000a7828	?gpCombatManager@@3PAVcombatManager@@A
0x000a782c	?giScreenScroll@@3CA
0x000a7830	?gpBufferPalette@@3PAVpalette@@A
0x000a7834	?gPalette@@3PAVpalette@@A
0x000a7838	?cNetBoxLine@@3PAY0DM@DA
0x000a78b0	?cAggPathName@@3PADA
0x000a7a10	?gcRegAppPath@@3PADA
0x000a7b70	?giHostGamePos@@3HA
0x000a7b70	?giThisGamePos@@3HA
0x000a7b74	?giMaxExtentX@@3HA
0x000a7b78	?giMaxExtentY@@3HA
0x000a7b7c	?gbBlackoutPlayer@@3HA
0x000a7b80	?gMapName@@3PADA
0x000a7b8d	?giWaitType@@3CA
0x000a7b90	?gInputManager@@3PAVinputManager@@A
0x000a7b94	?gbThisNetHumanPlayer@@3PACA
0x000a7b98	?DataEntryWin@@3PAVheroWindow@@A
0x000a7b9c	?iMPBaseType@@3CA
0x000a7ba0	?gpGame@@3PAVgame@@A
0x000a7ba8	?gbIAmGreatest@@3CA
0x000a7ba9	?giLimitPlayer@@3CA
0x000a7bac	?cDEDest@@3PADA
0x000a7bb0	?giBottomViewOverrideEndTime@@3HA
0x000a7bb4	?gbGamePosToNetPos@@3PACA
0x000a7bb8	?gMapExtraBlocks@@3PAPAXA
0x000a7fb4	?gInfoViewedHero@@3PAVhero@@A
0x000a7fb8	?gSystemIcons@@3PAVicon@@A
0x000a7fbc	?giScore@@3HA
0x000a7fc0	?mapExtra@@3PAY0EI@EA
0x000a9400	?gLoadedEffectIcn@@3PAVicon@@A
0x000a9404	?gpMonGroup@@3PAVarmyGroup@@A
0x000a9408	?giSeedingValid@@3HA
0x000a940c	?gpTownManager@@3PAVtownManager@@A
0x000a9410	?gChosenCampaignIndex@@3CA
0x000a9414	?gbHumanPlayer@@3PAHA
0x000a9428	?gConfig@@3UconfigStruct@@A
0x000a9558	?giBottomViewResourceQty@@3HA
0x000a955c	?gbIconClipOn@@3CA
0x000a9560	?giMinExtentX@@3HA
0x000a9564	?giMinExtentY@@3HA
0x000a956c	?gcBottomViewText@@3PADA
0x000a95c8	?gpExec@@3PAVexecutive@@A
0x000a95cc	?iDEMaxLen@@3HA
0x000a95d0	?gPrevGameFile@@3PADA
0x000a9734	?giCurWindowsStyleFlags@@3HA
0x000a9738	?giMonthType@@3CA
0x000a973c	?gcRegCDRomPath@@3PADA
0x000a989c	?giCurGeneral@@3HA
0x000a98a0	?glTimers@@3PAHA
0x000a98bc	?bShowIt@@3HA
0x000a98c0	?gArmyEffected@@3PAY04CA
0x000a98ca	?gDrawSavedCursor@@3CA
0x000a98cc	?gLoadingMonoIcon@@3HA
0x000a98d0	?gScrollX@@3HA
0x000a98d4	?gScrollY@@3HA
0x000a98d8	?gNoBorder@@3HA
0x000a98dc	?gDefaultMenu@@3PAUHMENU__@@A
0x000a98e0	?gCombatMenu@@3PAUHMENU__@@A
0x000a98e4	?gAdventureMenu@@3PAUHMENU__@@A
0x000a98e8	?gTownMenu@@3PAUHMENU__@@A
0x000a98ec	?gColorMice@@3HA
0x000a98f0	?gSpecialMouseMasks@@3HA
0x000a98f4	?gCurExe@@3HA
0x000a98f8	?gInDialog@@3HA
0x000a98fc	?gInSetupDialog@@3HA
0x000a9900	?gMinimized@@3HA
0x000a9904	?gHeroMoving@@3HA
0x000a9908	?gInSmacker@@3HA
0x000a9910	?gRemoteReady@@3HA
0x000a9914	?gHeartbeatSeen@@3HA
0x000a9918	?gMapSize@@3HA
0x000a991c	?gMapDifficulty@@3HA
0x000a9920	?gHeroWindShowing@@3CA
0x000a9921	?gOverviewShowing@@3CA
0x000a9924	?gLimitedCombatUpdatePalette@@3HA
0x000a9928	?gFirstTimeThrough@@3CA
0x000a9929	?gSkipIntro@@3CA
0x000a992c	?gAllBlack@@3HA
0x000a9930	?gInCombat@@3CA
0x000a9931	?gDirectConnect@@3CA
0x000a9934	?gComputeExtent@@3HA
0x000a9938	?gSaveBiggestExtent@@3HA
0x000a993c	?gLimitToExtent@@3HA
0x000a9940	?gAdvDisposeLevel@@3HA
0x000a9944	?gRemoteOn@@3HA
0x000a9948	?gGameInitialized@@3CA
0x000a9949	?gShowHighScore@@3CA
0x000a9951	?gInPollSound@@3CA
0x000a9952	_?gEarlySetupDone@?1??EarlySetup@@YAHXZ@4CA
0x000a9953	?gKBDone@@3CA
0x000a9954	?gInCheckEndGame@@3CA
0x000a9958	_?gInShutDown@?1??ShutDown@@YAXPAD@Z@4HA
0x000a995c	_?gInMemError@?1??MemError@@YAXXZ@4CA
0x000a99c8	?rcTemp@@3UtagRECT@@A
0x000a99d8	?lTemp@@3HA
0x000a99dc	?iMainWinScreenHeight@@3HA
0x000a99e0	?iTempX@@3HA
0x000a99e4	?iTempY@@3HA
0x000a99e8	?hInstApp@@3PAUHINSTANCE__@@A
0x000a99ec	?bProcessMessage@@3PAEA
0x000a9dec	?gCurrentMenu@@3PAUHMENU__@@A
0x000a9df0	?gMainWinScreenWidth@@3HA
0x000a9df4	?gCommandParams@@3PADA
0x000a9e34	?gAppWindow@@3PAUHWND__@@A
0x000a9e38	?gForegroundApp@@3HA
0x000a9e3c	?gAppMenu@@3PAUHMENU__@@A
0x000a9e40	?gEventHandle@@3PAXA
0x000a9e44	_?gLastGTimerTickCount@?1??AppWndProc@@YGJPAUHWND__@@IIJ@Z@4HA
0x000a9e48	_?gLastCycleTickCount@?1??AppWndProc@@YGJPAUHWND__@@IIJ@Z@4HA
0x000a9e4c	?gClosingApp@@3HA
0x000a9e54	_?gLastGetMessage@?1??Process1WindowsMessage@@YAXXZ@4HA
0x000a9e58	_?gNoDialogMenusOn@?1??SetNoDialogMenus@@YAXH@Z@4HA
0x000a9e70	?gNbFreeQueue@@3Utag_Anchor@@A
0x000a9e78	?gNbLocalNum@@3EA
0x000a9e7c	?gNbEvents@@3PAPAXA
0x000a9ea0	?gNetAdapterNum@@3EA
0x000a9ea8	?gNetIncomingQueue@@3Utag_Anchor@@A
0x000a9eb0	?gSessNums@@3PAEA
0x000a9eb8	?gNbSndQueue@@3Utag_Anchor@@A
0x000a9ec0	?gNbRcvData@@3PAY0BAAA@EA
0x000b0ec0	?gNetbiosRcvCrit@@3U_RTL_CRITICAL_SECTION@@A
0x000b0ed8	?gNbSessionBuffer@@3PAEA
0x000b1ed8	?gNetPeerNcb@@3PAU_NCB@@A
0x000b2098	?gNetAdminNcb@@3U_NCB@@A
0x000b20d8	?gNetPeerNameTable@@3PAUNetbiosName@@A
0x000b2148	?gNetSendCs@@3U_RTL_CRITICAL_SECTION@@A
0x000b2160	?gNbCallRetries@@3EA
0x000b2161	?gNetbiosAvail@@3EA
0x000b2162	?gNbShutdown@@3EA
0x000b2164	?gNetStatus@@3PAEA
0x000b2170	?giBestShipyardDist@@3CA
0x000b2174	?gEventSlot@@3HA
0x000b2178	?gfHeroInteractionBonus@@3PAMA
0x000b2208	?gVisitResult@@3HA
0x000b220c	?fReduceFactor@@3MA
0x000b2210	?gEventTownScore@@3HA
0x000b2214	?gPurchaseTotal@@3HA
0x000b2218	?gHumanTownConquered@@3HA
0x000b221c	?iDummy@@3HA
0x000b2220	?giBestShipyardId@@3CA
0x000b2224	?gaiHeroStrategicRVOfPos@@3PAY0EI@FA
0x000b4aa4	?giCurPlayer@@3CA
0x000b4aa8	?iPlacesVisited@@3PAY01HA
0x000b4b98	?gDiscountByReloadFlag@@3HA
0x000b4b9c	?gCombatWinningFraction@@3MA
0x000b4ba0	?giBuildBoat@@3PACA
0x000b4ba4	?gFoe@@3PAVhero@@A
0x000b4ba8	?gCurPlayerData@@3PAVplayerData@@A
0x000b4bac	?fBerserkFactor@@3MA
0x000b4bb0	?gaiLiveChanceOfPos@@3PAY0EI@FA
0x000b7430	?gCurWatchPlayerHighFlag@@3EA
0x000b7434	?gHeroEventStratRVOfPos@@3PAY0EI@FA
0x000b9cb4	?gbPossibleShipyardFound@@3CA
0x000b9cb8	?giBuildBoatStuffTurn@@3PACA
0x000b9cbc	?giCurWatchPlayerBit@@3EA
0x000b9cc0	?gTurnValueOfMine@@3PAY0EI@CA
0x000bb100	?costTemp@@3PAHA
0x000bb11c	?gExpectedOurCasualties@@3HA
0x000bb120	?gOpponentLosses@@3HA
0x000bb124	?gEstOurForce@@3HA
0x000bb128	?gEstGuardPower@@3HA
0x000bb12c	?gSimOutcome@@3HA
0x000bb130	?gPrizeUnguardedValue@@3HA
0x000bb134	?gPrizeGuardedWorth@@3HA
0x000bb138	?gItemPurchaseScore@@3HA
0x000bb13c	?gafAITurnCostResource@@3PAMA
0x000bb158	?gDefaultEventType@@3HA
0x000bb15c	?gEventMonsterCount@@3HA
0x000bb160	?SVSearchArray@@3VsearchArray@@A
0x000c8cb4	?gHeroGarrisonId@@3HA
0x000c8cb8	?iLastFrameRateTimer@@3HA
0x000c8cbc	?gEventLocation@@3PAVmapCell@@A
0x000c8cc0	?gbTroopReload@@3HA
0x000c8cc4	?giCurTurn@@3HA
0x000c8cc8	?bHeroBuiltThisTurn@@3HA
0x000c8ccc	?gRecruitStackSlot@@3HA
0x000c8cd0	?giCurPlayerBit@@3EA
0x000c8cd4	?gaiHeroLiveChance@@3PAFA
0x000c8d1c	?gMapVisitFlags@@3PAY0EI@CA
0x000ca15c	?gCellSeen@@3HA
0x000ca160	?gbBerserk@@3HA
0x000ca164	?giBuildShipyard@@3PACA
0x000ca168	?iCurPlaceToVisit@@3HA
0x000ca16c	?giMaxHeroesForThisPlayer@@3HA
0x000ca170	?gbActualShipyardFound@@3CA
0x000ca174	?gDiscountForRampageFlag@@3HA
0x000ca178	?gCurPlayerTopBit@@3EA
0x000ca17c	?gEventTownArmy@@3PAVarmyGroup@@A
0x000ca180	?gbActualBoatFound@@3CA
0x000ca184	?gEventTownRec@@3PAVtown@@A
0x000ca188	?gShowComputerRoute@@3CA
0x000ca198	_?gSVSearchArrayInUse@?1??StrategicValueOfPosition@philAI@@QAEHPAVhero@@FFCPAH@Z@4CA
0x000ca1a0	?numbuf@@3PADA
0x000ca264	?gModemCommand@@3PADA
0x000ca28c	?localstage@@3HA
0x000ca290	?oldsec@@3HA
0x000ca294	?iLastDialPos@@3HA
0x000ca298	?stime@@3HA
0x000ca29c	?remoteidstr@@3PADA
0x000ca2a8	?inque@@3Uinque_t@@A
0x000cb2b0	?GUIMRresp@@3PADA
0x000cb2d8	?packet@@3PADA
0x000cb3d8	?GUIMRrespptr@@3HA
0x000cb3dc	?remotestage@@3HA
0x000cb3e0	?iModemCommandPos@@3HA
0x000cb3e4	?iNetGuests@@3HA
0x000cb3ec	?iLastActionTime@@3HA
0x000cb3f0	?iInOrder@@3PAHA
0x000cb40c	?GUIMRc@@3HA
0x000cb410	?sndBuf@@3URemoteMessage@@A
0x000cb510	?WFDCStage@@3HA
0x000cb514	?GUIMRresponse@@3PADA
0x000cb564	?PacketSend@@3PADA
0x000cb664	?rcvBufIn@@3PADA
0x000cb768	?outque@@3Uoutque_t@@A
0x000cbf70	?rcvBuf@@3PAURemoteMessage@@A
0x000cc670	?iLastIds@@3PAHA
0x000cc6e8	?rcvBufOut@@3PADA
0x000cc7e8	?idstr@@3PADA
0x000cc7f0	?gIDCtr@@3HA
0x000cc800	?packetlen@@3HA
0x000cc804	?inescape@@3HA
0x000cc808	?newpacket@@3HA
0x000cc80c	?gInOrderCtr@@3HA
0x000cc810	?gCurLastID@@3HA
0x000cc814	?GameMode@@3EA
0x000cc815	?gPacketSequence@@3EA
0x000cc818	?gLastHeartbeatSend@@3HA
0x000cc81c	?gInNetSetup@@3CA
0x000cc81d	_?gInitNetHostStatus@?1??InitNetHost@@YACXZ@4CA
0x000cc81e	?gInitNetGuestStatus@@3CA
0x000cc81f	?gWaitForHostStatus@@3CA
0x000cc820	_?gWaitForGuestStatus@?1??WaitForGuest@@YACXZ@4CA
0x000cc824	_?gLastBroadcastTime@?1??WaitForGuest@@YACXZ@4HA
0x000cc828	_?gInTimeoutFail@?1??PollRemote@@YAXXZ@4CA
0x000cc82c	?gRequestingGames@@3CA
0x000cc850	_?sj_currentHero@?1??SeedPosition@searchArray@@QAEXFFFFHHHHHHHH@Z@4PAVhero@@A
0x000cc854	_?si_mapX@?1??SeedPosition@searchArray@@QAEXFFFFHHHHHHHH@Z@4HA
0x000cc858	_?s_mapY@?1??SeedPosition@searchArray@@QAEXFFFFHHHHHHHH@Z@4HA
0x000cc85c	_?s_direction_4@?1??SeedPosition@searchArray@@QAEXFFFFHHHHHHHH@Z@4FA
0x000cc860	_?s_neighborX@?1??SeedPosition@searchArray@@QAEXFFFFHHHHHHHH@Z@4HA
0x000cc864	_?s_neighborY@?1??SeedPosition@searchArray@@QAEXFFFFHHHHHHHH@Z@4HA
0x000cc868	_?s_targetCell@?1??SeedPosition@searchArray@@QAEXFFFFHHHHHHHH@Z@4PAVmapCell@@A
0x000cc86c	_?s_possibleDirections@?1??SeedPosition@searchArray@@QAEXFFFFHHHHHHHH@Z@4PACA
0x000cc874	_?s_triggerType_y@?1??SeedPosition@searchArray@@QAEXFFFFHHHHHHHH@Z@4HA
0x000cc87c	_?sf_hasAdjacentMonster@?1??SeedPosition@searchArray@@QAEXFFFFHHHHHHHH@Z@4CA
0x000cc880	_?s_directionBlocked@?1??SeedPosition@searchArray@@QAEXFFFFHHHHHHHH@Z@4HA
0x000cc884	_?s_currentCost@?1??SeedPosition@searchArray@@QAEXFFFFHHHHHHHH@Z@4HA
0x000cc888	_?s_currentNode@?1??SeedPosition@searchArray@@QAEXFFFFHHHHHHHH@Z@4UsearchNode@@A
0x000cc894	_?sr_hasTarget@?1??SeedPosition@searchArray@@QAEXFFFFHHHHHHHH@Z@4HA
0x000cc898	_?shy_terrain@?1??SeedPosition@searchArray@@QAEXFFFFHHHHHHHH@Z@4HA
0x000cc89c	_?si_adjacentX@?1??SeedPosition@searchArray@@QAEXFFFFHHHHHHHH@Z@4HA
0x000cc8a0	_?sd_adjacentY@?1??SeedPosition@searchArray@@QAEXFFFFHHHHHHHH@Z@4HA
0x000cc8a4	_?s6_stepCost@?1??SeedPosition@searchArray@@QAEXFFFFHHHHHHHH@Z@4PAHA
0x000cc8ac	_?sc_bestTargetCost@?1??SeedPosition@searchArray@@QAEXFFFFHHHHHHHH@Z@4HA
0x000cc8b0	?gSearchSeedingComplete@@3HA
0x000cc8b4	_?s_directionOccupied_g@?1??SeedPosition@searchArray@@QAEXFFFFHHHHHHHH@Z@4PAEA
0x000cc8bc	_?so_adjacentCost@?1??SeedPosition@searchArray@@QAEXFFFFHHHHHHHH@Z@4HA
0x000cc8c0	_?sd_adjacentMonsterX@?1??SeedPosition@searchArray@@QAEXFFFFHHHHHHHH@Z@4HA
0x000cc8c4	_?sa2_adjacentMonsterY@?1??SeedPosition@searchArray@@QAEXFFFFHHHHHHHH@Z@4HA
0x000cc8c8	_?s_processedPointCount@?1??SeedPosition@searchArray@@QAEXFFFFHHHHHHHH@Z@4FA
0x000cc8cc	?gDoModemConfig@@3HA
0x000cc8d0	?gMovieId@@3CA
0x000cc8d4	_gSmackEnded
0x000cc8d8	_gSmackWaveCaps
0x000cc910	_gSmackSummary
0x000cc964	_gSmackSavedPalette
0x000ccc68	_gSmackStop
0x000ccc70	_gSmackAudioFormat
0x000ccc80	_gSmackPcmFormat
0x000ccc90	_gSmackPrevFrame
0x000ccc94	_gSmkSounds
0x000ccc98	_gSmkResource
0x000ccc9c	_gSmackFont
0x000ccca0	_gSmackDigDriver
0x000ccca4	_gSmackTrackSummary
0x000ccca8	_gSmackPrimary
0x000cccac	_gSmackSecond
0x000cccb0	?gSpellAITargetSide@@3HA
0x000cccb4	?gSpellAIEffectShift@@3HA
0x000cccb8	?gInTeleportGetDest@@3CA
0x000cccbc	_s_pendingArmyName
0x000cd0bc	_s_armyCommandText
0x000cd4bc	_s_dwellingArmyLabel
0x000cd8c0	?gDDrawStatus@@3HA
0x000cd8c8	?gDDrawSurfaceDesc@@3U_DDSURFACEDESC@@A
0x000cd938	?gDDSourceRect@@3UtagRECT@@A
0x000cd948	?screenImage@@3UWingImage@@A
0x000cdd78	?gDDClientRect@@3UtagRECT@@A
0x000cdd88	?gDDPaintStart@@3HA
0x000cdd90	?gDDDestRect@@3UtagRECT@@A
0x000cdda0	?gDDrawAttached@@3HA
0x000cdda4	?gInitWin@@3PAXA
0x000cddac	?gTtlBlts@@3HA
0x000cddb0	?gWinGraphBusy@@3HA
0x000cddb4	?gDirectDrawCreate@@3P6GJPAU_GUID@@PAPAUIDirectDraw@@PAUIUnknown@@@ZA
0x000cddb8	?gDD@@3PAUIDirectDraw@@A
0x000cddbc	?gDDSPrimary@@3PAUIDirectDrawSurface@@A
0x000cddc0	?gDDSOne@@3PAUIDirectDrawSurface@@A
0x000cddc4	?gClipper@@3PAUIDirectDrawClipper@@A
0x000cddc8	?gDDPal@@3PAUIDirectDrawPalette@@A
0x000cddcc	?gBusyRetry@@3HA
0x000cddd0	?gInDDSD@@3HA
0x000cddd4	?gImageDC@@3PAUHDC__@@A
0x000cddd8	?gOldMonoBitmap@@3PAUHBITMAP__@@A
0x000cdddc	?gAppPalette@@3PAUHPALETTE__@@A
0x000cdde0	?gDDrawLibrary@@3PAUHINSTANCE__@@A
0x000cdde8	_gMusicSuspensions
0x000cddec	?channel@AudiereMusic@@2V?$RefPtr@VOutputStream@audiere@@@audiere@@A
0x000cddf0	_gMusicFilename
0x000cdf50	?driver@AudiereDevice@@2V?$RefPtr@VAudioDevice@audiere@@@audiere@@A
0x000cdf58	_gSampleBufferly
0x000cdf5c	_gSampleFrames0
0x000cdf60	_gSampleChannelsa58
0x000cdf64	_gSampleRate7
0x000cdf68	_gSampleFormata98
0x000cdf6c	?origin@AudiereMusic@@2V?$RefPtr@VSampleSource@audiere@@@audiere@@A
0x000cdf74	_gMusicPositionsaat
0x000ce104	_gSamplesa
0x000ce108	_gSampleSuspensionsa6
0x000ce10c	_gMusicSourcejxy
0x000ce110	?gFadeSavedUpdate@@3CA
0x000ce114	?gCyclePal@@3PACA
0x000ce174	_?gDialogNestCount@?1??DoDialog@heroWindowManager@@QAEFPAVheroWindow@@P6AFAAUtag_message@@@ZH@Z@4HA
0x000ce178	?gAndMaskBitmapInfo@@3PAUtagBITMAP@@A
0x000ce880	?bmpColor@@3PAUtagBITMAP@@A
0x000cef88	?hMouseCursor@@3PAPAUHICON__@@A
0x000cf0b4	?hbmpAndMask@@3PAPAUHBITMAP__@@A
0x000cf1e0	?cColorBits@@3PAPAEA
0x000cf30c	?hbmpColor@@3PAPAUHBITMAP__@@A
0x000cf438	?cursorIconInfo@@3PAU_ICONINFO@@A
0x000cfa14	?cAndBits@@3PAPAEA
0x000cfb40	?gMouseCursorType@@3HA
0x000cfb44	_?gInSetPointer@?1??SetPointer@mouseManager@@QAEXF@Z@4HA
0x000cfb50	_sClipPosY
0x000cfb54	_sClipLimitX
0x000cfb58	_sClipLimitY
0x000cfb5c	_sClipSrcPtr
0x000cfb60	_sClipX
0x000cfb64	_sClipRow
0x000cfb68	_sClipFrameEntry
0x000cfb6c	_sClipRun
0x000cfbb0	_sClipInside
0x000cfbb4	_sClipLeft
0x000cfbb8	_freq
0x000d00a0	_dad
0x000d20a8	_decodeLen
0x000d20ac	_son
0x000d2598	_dataPtr
0x000d259c	_lson
0x000d45a4	_codesize
0x000d45ac	_prnt
0x000d4d08	_outputPos
0x000d4d0c	_match_position
0x000d4d0e	_getbuf
0x000d4d10	_decodeSkip
0x000d4d14	_match_length
0x000d4d18	_rson
0x000d6f1a	_getlen
0x000d6f1c	_text_buf
0x000d7f5c	_encbuf
0x000d7f5e	_putlen
0x000d7f60	?gLeftRightSave@@3HA
0x000d82d8	??_B?1???id@?$ctype@G@std@@$D@@9@51
