# Win95 1.2 starts: reviewed 1.1 correspondence, independent call targets and VC4.1 CRT bodies.
rva	kind
0x00001000	
0x00002f1a	
0x00003113	
0x000031e0	
0x0000339f	
0x000035e2	
0x000036bd	
0x00003766	
0x000037c5	
0x00003875	
0x000038cf	
0x000039bb	
0x00003c9b	
0x00003db9	
0x00003fb9	
0x000041fc	
0x000043fc	
0x00004479	
0x000045b0	
0x000046c3	
0x00005804	
0x0000599e	
0x00005af0	
0x00005c7f	
0x00006245	
0x0000651f	
0x00006870	
0x00006939	
0x00006951	
0x000069c2	
0x00006ae4	
0x00006d1b	
0x00006e0c	
0x00007662	
0x000076c5	
0x00007726	
0x00007f77	
0x00008bf6	
0x0000935b	
0x00009388	
0x0000a415	
0x0000a45e	
0x0000a485	
0x0000a581	
0x0000a5a8	
0x0000a771	
0x0000a9ba	
0x0000ac26	
0x0000ad9c	
0x0000b645	
0x0000b679	
0x0000b7aa	
0x0000b85c	
0x0000ba3a	
0x0000bde0	
0x0000bf44	
0x0000c0d4	
0x0000c2f6	
0x0000c453	
0x0000c586	
0x0000c8b9	
0x0000cad1	
0x0000cf57	
0x0000d13e	
0x0000d250	
0x0000d399	
0x0000d4e2	
0x0000d5e4	
0x0000d71d	
0x0000d82f	
0x0000d910	
0x0000da12	
0x0000db10	
0x0000dc57	
0x0000ddb7	
0x0000e04c	
0x0000e33c	
0x0000e464	
0x0000f1cd	
0x0000f298	
0x0000f69f	
0x0000f7cd	
0x0000fbff	
0x00010038	
0x0001032b	
0x00010710	
0x00010c7d	
0x00010e9f	
0x00011000	
0x000111f8	
0x000113e0	
0x0001150c	
0x00011574	
0x000115d3	
0x000116a4	
0x0001173d	
0x00011ac3	
0x00011c73	
0x00011d26	
0x00011d44	
0x00011e1d	
0x00011e7c	
0x00011ef0	
0x00011ffe	
0x0001208d	
0x00012114	
0x0001223d	
0x000129f2	
0x000132ca	
0x0001384b	
0x00013b0e	
0x00013dd1	
0x0001421f	
0x000144cc	
0x0001454b	
0x000147d7	
0x000157e0	
0x0001584f	
0x00015a33	
0x00016696	
0x00016ad0	
0x00016df1	
0x000170ba	
0x00017351	
0x0001740c	
0x000175ec	
0x00017ae4	
0x00017c59	
0x0001853a	
0x000186f2	
0x000192e7	
0x00019572	
0x000195af	
0x000195d4	
0x00019ae2	
0x00019d62	
0x0001a1b9	
0x0001aa04	
0x0001ace5	
0x0001b364	
0x0001b718	
0x0001bd71	
0x0001bdea	
0x0001beec	
0x0001c1cc	
0x0001c499	
0x0001c6f2	
0x0001c7ee	
0x0001c87a	
0x0001c90b	
0x0001c95d	
0x0001c9e6	
0x0001ca0a	
0x0001cac9	
0x0001ce17	
0x0001cef5	
0x0001cf56	
0x0001d06b	
0x0001d113	
0x0001d268	
0x0001d31a	
0x0001d443	
0x0001d657	
0x0001d99f	
0x0001dd54	
0x0001e48b	
0x0001ea28	
0x0001ee53	
0x0001eeab	
0x0001f247	
0x0001f2df	
0x0001f5ef	
0x0001f727	
0x0001fb75	
0x0001fcc4	
0x0001fd70	
0x0001ffd7	
0x0002043f	
0x00020466	
0x00020bd0	
0x00020c42	
0x00020c62	
0x00021269	
0x000215d6	
0x000216ec	
0x0002250f	
0x0002254d	
0x000227d5	
0x0002298b	
0x0002299f	
0x00022b6a	
0x00022bb1	
0x00022c50	
0x00022c6a	
0x00022d50	
0x00022e94	
0x00022f62	
0x00022fc2	
0x00023ebf	
0x00023f2a	
0x000240ef	
0x00024203	
0x0002421f	
0x0002438b	
0x00024425	
0x00024516	
0x00024700	
0x00024f04	
0x00024f99	
0x00025164	
0x00025590	
0x00025781	
0x000257f1	
0x0002587f	
0x00025c5a	
0x00025cb5	
0x00025ce3	
0x00025d1c	
0x00025df6	
0x000264ed	
0x00026528	
0x00026677	
0x000266c1	
0x00026a7f	
0x00026b30	
0x00026d00	
0x00026ed9	
0x00026f2a	
0x00026fb4	
0x0002702f	
0x00027044	
0x00027056	
0x00027132	
0x00027183	
0x000271e7	
0x0002723b	
0x0002724b	
0x000272c9	
0x000278f2	
0x00027ca9	
0x00027d42	
0x00027d65	
0x00027d90	
0x00027da5	
0x00027e15	
0x00027eb2	
0x00027f38	
0x00027fc2	
0x00028064	
0x0002810e	
0x0002812d	
0x0002817b	
0x000282f2	
0x000284e1	
0x000284f1	
0x0002857d	
0x000285db	
0x0002868b	
0x00028ad0	
0x00028c79	
0x0002905e	
0x000292de	
0x0002947e	
0x00029d6e	
0x00029db9	
0x0002a40d	
0x0002a9dd	
0x0002aaf9	
0x0002b42b	
0x0002ba65	
0x0002ba83	
0x0002bff5	
0x0002c164	
0x0002c445	
0x0002c63a	
0x0002c682	
0x0002c6e1	
0x0002c77c	
0x0002c924	
0x0002caa8	
0x0002cb0d	
0x0002cb27	
0x0002cc6e	
0x0002cd5b	
0x0002ce01	
0x0002cecb	
0x0002d3ed	
0x0002d407	
0x0002dcb0	
0x0002dd61	
0x0002de9a	
0x0002dfb8	
0x0002e009	
0x0002e76d	
0x0002e947	
0x0002eca6	
0x0002f82c	
0x0002f88d	
0x0002f954	
0x0002f9bd	
0x0002f9da	
0x0002fb6e	
0x0002fdca	
0x0002feca	
0x00030052	
0x000301c9	
0x00030433	
0x000304a6	
0x0003050c	
0x000305d7	
0x000307f8	
0x00032870	
0x000329be	
0x00032c94	
0x00032cc5	
0x000332dc	
0x0003336c	
0x00033386	
0x00033450	
0x00033577	
0x000336fc	
0x000337cc	
0x00033876	
0x000339ab	
0x00033a24	
0x00033b7e	
0x00033d21	
0x00033f2e	
0x00034453	
0x00034468	
0x000344f2	
0x000348b9	
0x000348d3	
0x00034d9e	
0x00034e1a	
0x00034e30	
0x00034e93	
0x00034ef8	
0x00034f60	
0x00034fb9	
0x00034fff	
0x0003509a	
0x00035185	
0x000352f6	
0x00035888	
0x000359c8	
0x00035a7b	
0x00035ba5	
0x00035f93	
0x000360af	
0x0003622e	
0x00036518	
0x000365a1	
0x000366f2	
0x000368cf	
0x00036aa4	
0x00036c64	
0x00036cdc	
0x00036d48	
0x00036d71	
0x00036d9d	
0x00036dcb	
0x00036e4c	
0x00036eac	
0x00036ef3	
0x00036f1f	
0x00036f59	
0x00036f8a	
0x00037043	
0x00037074	
0x00037270	
0x000372db	
0x00037324	
0x00037347	
0x000376dc	
0x00037a34	
0x00037b45	
0x00037c1e	
0x00037d65	
0x00037d78	
0x00037dde	
0x00037ed0	
0x000381ae	
0x000382c0	
0x00038302	
0x00038570	
0x000385a7	
0x000386a5	
0x000386e8	
0x000387b0	
0x0003880f	
0x00038869	
0x0003891e	
0x00038c11	
0x00038ce5	
0x00038d09	
0x00038de7	
0x00038fbb	
0x00039df0	
0x00039e30	
0x00039e84	
0x00039ea7	
0x00039ee0	
0x0003a049	
0x0003a199	
0x0003a77d	
0x0003a805	
0x0003aa66	
0x0003ab9c	
0x0003b9ba	
0x0003bb3b	
0x0003bd45	
0x0003bfe8	
0x0003c320	
0x0003c38b	
0x0003c3e0	
0x0003c4c1	
0x0003c63d	
0x0003c6e2	
0x0003c840	
0x0003c985	
0x0003ca0c	
0x0003d3f0	
0x0003d41a	
0x0003d46d	
0x0003d4b9	
0x0003d4d8	
0x0003dde6	
0x0003de80	
0x0003e65b	
0x0003f029	
0x0003f0f3	
0x0003f1ae	
0x0003f285	
0x0003f338	
0x0003f3eb	
0x0003f4f4	
0x0003f5af	
0x0003f75f	
0x0003fa08	
0x0003fc17	
0x0003fe40	
0x00040031	
0x00040091	
0x000401a8	
0x0004021c	
0x00040a08	
0x00040bcc	
0x00040f82	
0x000413ea	
0x0004145e	
0x0004277d	
0x00042ddc	
0x00042e81	
0x000431ff	
0x000432cd	
0x00043378	
0x0004340d	
0x00043505	
0x00044402	
0x000447a2	
0x00044c57	
0x00044ea4	
0x000451d5	
0x0004535b	
0x00045647	
0x00045acb	
0x00045bb5	
0x00045be4	
0x00046565	
0x000466ba	
0x000467f0	
0x00046f16	
0x00047250	
0x000472b8	
0x000472d0	
0x0004732d	
0x0004751a	
0x00047570	
0x00047660	
0x00047877	
0x00047a5a	
0x00047aad	
0x0004816f	
0x000481eb	
0x00048296	
0x00048450	
0x000485ff	
0x00048649	
0x000486a2	
0x00048af4	
0x00048bc4	
0x00048cb6	
0x00048e05	
0x00048e23	
0x00049117	
0x0004916e	
0x0004969c	
0x00049d70	
0x0004a081	
0x0004a157	
0x0004a940	
0x0004af4c	
0x0004af80	
0x0004b53c	
0x0004b675	
0x0004b7d2	
0x0004bae8	
0x0004bcc4	
0x0004bff7	
0x0004c19a	
0x0004c2aa	
0x0004c5a4	
0x0004cd7d	
0x0004d51e	
0x0004da67	
0x0004dd2d	
0x0004ddef	
0x0004dece	
0x0004df47	
0x0004e0b1	
0x0004e18c	
0x0004e6e0	
0x0004e6f0	
0x0004e720	
0x0004e770	
0x0004e7d0	
0x0004e820	
0x0004eb20	
0x0004ec60	
0x0004ef10	
0x0004f190	
0x0004f1da	
0x0004f227	
0x0004f272	
0x0004f2fc	
0x0004f44d	
0x0004f700	
0x0004f890	
0x0004f905	
0x0004f943	
0x0004f990	
0x0004fc65	
0x0004fd88	
0x0004ffa7	
0x00050953	
0x000509f8	
0x00050b0a	
0x00050d98	
0x0005122a	
0x000515d0	
0x00051678	
0x0005182a	
0x00051a1a	
0x00051aaa	
0x00051bae	
0x000520a4	
0x000520c2	
0x0005236a	
0x00052425	
0x000525f1	
0x000526a9	
0x000527ef	
0x000528b5	
0x0005297b	
0x00052aaf	
0x00052bfd	
0x00052cbc	
0x00052e32	
0x00052ec0	
0x0005318c	
0x000531ab	
0x00054051	
0x0005440e	
0x000544d5	
0x00054aee	
0x000558fe	
0x00055920	
0x00056759	
0x00056943	
0x00056dde	
0x00057a40	
0x00057ca5	
0x00057ffe	
0x00058038	
0x00058445	
0x0005932d	
0x000593aa	
0x00059928	
0x00059eac	
0x0005a274	
0x0005a360	
0x0005a5c3	
0x0005a762	
0x0005a894	
0x0005ae53	
0x0005b233	
0x0005b62d	
0x0005b9fb	
0x0005c027	
0x0005cd58	
0x0005ce3a	
0x0005da85	
0x0005db6d	
0x0005db8c	
0x0005dbb3	
0x0005dc0c	
0x0005dda5	
0x0005dffa	
0x0005e3e0	
0x0005e63e	
0x0005e89c	
0x0005ec76	
0x0005eeac	
0x0005f09e	
0x000601f5	
0x00060236	
0x00060557	
0x0006077e	
0x000609b0	
0x00060efb	
0x00060fa6	
0x000611b9	
0x0006138c	
0x000616d7	
0x000621ce	
0x00062208	
0x000624e5	
0x0006254e	
0x0006279f	
0x00062adf	
0x00062d25	
0x00062fcb	
0x000634e7	
0x00063802	
0x00063908	
0x00063999	
0x00063a07	
0x00063b59	
0x00063ba8	
0x00063d5e	
0x00063f3f	
0x00063fe2	
0x00064265	
0x000643c2	
0x0006453a	
0x0006460e	
0x000647d0	
0x000648a0	
0x00064970	
0x00064aa8	
0x00064be0	
0x00064d9d	
0x00065251	
0x00065531	
0x00065594	
0x000655d4	
0x0006565b	
0x000658ce	
0x000659c7	
0x00065ec0	
0x00065f60	
0x00065f7f	
0x000660e8	
0x00066145	
0x000663ae	
0x000669b0	
0x00066b14	
0x00066d96	
0x00066e67	
0x00066f8e	
0x00067373	
0x00067449	
0x0006753d	
0x00067700	
0x0006773c	
0x00067754	
0x0006786f	
0x000678a0	
0x000678f9	
0x00067a4c	
0x00067aa0	
0x00067af9	
0x00067c2b	
0x00067ca8	
0x00067e00	
0x00067e1c	
0x00068641	
0x00068660	
0x0006878c	
0x00068bbd	
0x00068c47	
0x000696cd	
0x0006976a	
0x000699ea	
0x00069edb	
0x00069f58	
0x0006a097	
0x0006a300	
0x0006a4b8	
0x0006a5f0	
0x0006a9cb	
0x0006ade4	
0x0006afce	
0x0006b12f	
0x0006b8ed	
0x0006ba7b	
0x0006bc62	
0x0006be39	
0x0006beb4	
0x0006c13b	
0x0006c217	
0x0006c22f	
0x0006c2ed	
0x0006c4c6	
0x0006c68c	
0x0006c895	
0x0006c968	
0x0006d6bd	
0x0006d70b	
0x0006e26e	
0x0006e382	
0x0006e3fa	
0x0006e42a	
0x0006e48e	
0x0006e4f0	
0x0006e730	
0x0006e820	
0x0006f280	
0x0006f3d2	
0x0006f470	
0x0006f4eb	
0x0006f5aa	
0x0006f5d7	
0x0006f7d3	
0x0006fa68	
0x0006fb86	
0x0006fc7e	
0x00070140	
0x00070198	
0x00070b20	
0x00070bad	
0x00070c21	
0x00070c9c	
0x00070f16	
0x00070f71	
0x00071027	
0x000710ad	
0x0007120f	
0x00071350	
0x00071444	
0x000715d8	
0x000717c9	
0x00071867	
0x00071968	
0x00071b30	
0x00071c27	
0x00071ccc	
0x00071d29	
0x00071d9a	
0x00071e2e	
0x00071e9a	
0x00071f14	
0x00071ff6	
0x00072021	
0x00072068	
0x0007208c	
0x0007234c	
0x00072662	
0x0007276b	
0x00072847	
0x00072a6f	
0x00072b7b	
0x00073079	
0x000731d0	
0x000731d6	
0x000731dc	
0x000731e2	
0x000731e8	
0x000731ee	
0x000731f4	
0x00073200	
0x000732b0	
0x00073300	
0x00073400	
0x00073410	
0x00073460	
0x000738f0	
0x00073900	
0x00073910	
0x00073920	
0x00073930	
0x00073940	
0x00073950	
0x00073960	
0x00073970	
0x00073980	
0x000739e0	
0x000739f0	
0x00073a00	
0x00073a10	
0x00073a20	
0x00073c30	
0x00073d10	
0x000742d0	
0x00074320	
0x00074390	
0x00074490	
0x00074650	
0x000747d0	
0x000747e0	
0x00074a90	
0x00074b80	
0x00074ba0	
0x00074da0	
0x00074df0	
0x00074eb0	
0x00075020	
0x000750f0	
0x00075330	
0x000757c0	
0x00075970	
0x00075b30	
0x00075b40	
0x00075c40	
0x00075de0	
0x00075e10	
0x00075e60	
0x00075f40	
0x00076010	
0x00076050	
0x000760b0	
0x000760c0	
0x000760d0	
0x000762c0	
0x00076570	
0x00076580	
0x00076730	
0x00076780	
0x00076840	
0x00076890	
0x000768d0	
0x00076910	
0x000769e0	
0x00076a70	
0x00076c60	
0x00076d50	
0x00076e10	
0x00076e60	
0x00076ef0	
0x00077210	
0x00077230	
0x000772e0	
0x00077730	
0x000777d0	
0x00077880	
0x000779d0	
0x00077af0	
0x00077b90	
0x00077bb0	
0x00077be0	
0x00077ce0	
0x00077d70	
0x00077e00	
0x00077fe0	
0x00077ff0	
0x000780a0	
0x00078130	
0x00078240	
0x00078320	
0x000783a0	
0x00078410	
0x00078520	
0x00078810	
0x00078a90	
0x00078b00	
0x00078b90	
0x00078bd0	
0x00078be0	
0x00078c00	
0x00078ce0	
0x00078d00	
0x00078ed0	
0x0007920c	
0x00079280	
0x00079366	
0x000793b2	
0x00079400	
0x000794a0	
0x00079530	
0x000795c0	
0x00079660	
0x00079700	
0x00079740	
0x000797d0	
0x00079870	
0x00079910	
0x000799b0	
0x00079a40	
0x00079aa0	
0x00079b30	
0x00079b80	
0x00079ba0	
0x00079c30	
0x00079cc0	
0x00079d50	
0x00079e50	
0x00079f50	
0x0007a040	
0x0007a070	
0x0007a0a0	
0x0007a100	
0x0007a160	
0x0007a1c0	
0x0007a220	
0x0007a250	
0x0007a2b0	
0x0007a320	
0x0007a360	
0x0007a590	
0x0007a5f0	
0x0007a730	
0x0007a900	
0x0007a9b0	
0x0007a9f0	
0x0007aa30	
0x0007ab10	
0x0007ade0	
0x0007b000	
0x0007b110	
0x0007b140	
0x0007b180	
0x0007b1d0	
0x0007b280	
0x0007b2c0	
0x0007b2e0	
0x0007b310	
0x0007b390	
0x0007b450	
0x0007b47c	
0x0007b6dc	
0x0007b940	
0x0007b970	
0x0007b9b0	
0x0007ba10	
0x0007ba14	
0x0007ba42	
0x0007ba62	
0x0007ba90	
0x0007bac0	
0x0007bb00	
0x0007bb70	
0x0007bc40	
0x0007be00	
0x0007be68	
0x0007bfa0	
0x0007c060	
0x0007c7b0	
0x0007c900	
0x0007cb40	
0x0007cd20	
0x0007ce50	
0x0007ce90	
0x0007cee0	
0x0007cf50	
0x0007d040	
0x0007d070	
0x0007d260	
0x0007d2a0	
0x0007d340	
0x0007d370	
0x0007d3b0	
0x0007d410	
0x0007d4e0	
0x0007d640	
0x0007d6e0	
0x0007d7b6	
0x0007d882	
0x0007d958	
0x0007da2c	
0x0007db06	
0x0007dbe0	
0x0007dc30	
0x0007dc50	
0x0007dc80	
0x0007dcc0	
0x0007dd20	
0x0007dd30	
0x0007dd60	
0x0007dd90	
0x0007ddd0	
0x0007dfc0	
0x0007e7c0	
0x0007e8f0	
0x0007ea80	
0x0007eaa0	
0x0007ead0	
0x0007eb30	
0x0007eb40	
0x0007eb50	
0x0007eb90	
0x0007ebd0	
0x0007ecb0	
0x0007f1e0	
0x0007f280	
0x0007f2d0	
0x0007f330	
0x0007f340	
0x0007f360	
0x0007f370	
0x0007f590	
0x0007f5d0	
0x0007f680	
0x0007f6c0	
0x0007f840	
0x0007f880	
0x0007f8b0	
0x0007f8b8	
0x0007f905	
0x0007f98a	
0x0007fa53	
0x0007fb6c	
0x0007fcbf	
0x0007fde8	
0x0007fe08	
0x0007fe2a	
0x0007fe92	
0x0007feb5	
0x0007febe	
0x0007fee0	
0x0007ff20	
0x0007ff30	
0x0007ff40	
0x0007ff50	
0x0007ffb0	
0x0007fff0	
0x00080060	
0x00080090	
0x00080170	
0x000801e0	
0x000801f0	
0x00080260	
0x00080270	
0x00080280	
0x00080360	
0x00080370	
0x000803d0	
0x00080400	
0x00080440	
0x00080460	
0x000805b0	
0x000805d0	
0x00080610	
0x00080628	
0x00080650	
0x000806d0	
0x00080770	
0x00080830	
0x00080840	
0x00080870	
0x000808a0	
0x000808c0	
0x000808e0	
0x000809a0	
0x000809b0	
0x000809c0	
0x000809e0	
0x00080ae0	
0x00080b20	
0x00080b80	
0x00080bf0	
0x00080c30	
0x00080c50	
0x00080ca0	
0x00080ce0	
0x00080e30	
0x00080e70	
0x00080ff0	
0x00081070	
0x00081100	
0x000811b0	
0x00081260	
0x00081270	
0x000813c0	
0x00081470	
0x000814b0	
0x00081550	
0x00081580	
0x00081730	
0x00081770	
0x00081910	
0x00081940	
0x000819c0	
0x00081bc0	
0x00081c40	
0x00081e70	
0x00081ee0	
0x00081f70	
0x00081f90	
0x000823f0	
0x000824f0	
0x000825c0	
0x00082610	
0x00082680	
0x00082690	
0x00082750	
0x000829f0	
0x00082ad0	
0x00082b70	
0x00082c40	
0x00082c60	
0x00082d00	
0x00082e20	
0x00082e50	
0x00083050	
0x000830d0	
0x00083100	
0x00083150	
0x000831b0	
0x000831d0	
0x00083240	
0x00083390	
0x00083d70	
0x00083dc0	
0x00083e00	
0x00083e40	
0x00083e50	
0x00083e70	
0x00083e80	
0x00083ea0	
0x00083ef0	
0x00084040	
0x000840b0	
0x00084130	
0x00084180	
0x00084200	
0x000842f0	
0x00084360	
0x00084420	
0x000844d0	
0x00084540	
0x00084570	
0x00084590	
0x000845d0	
0x00084600	
0x00084670	
0x00084690	
0x000846d0	
0x00084700	
0x00084740	
0x00084770	
0x000847b0	
0x000847f0	
0x00084870	
0x00084940	
0x000849e0	
0x00084a20	
0x00084c30	
0x00084f30	
0x00084f6e	
0x00084fab	
0x00084ff3	
0x00084ffa	
0x0008512b	
0x0008515e	
0x000851a0	
0x000852a0	
0x00085320	
0x00085330	
0x00085340	
0x00085480	
0x00085530	
0x000855d0	
0x00085620	
0x00085690	
0x000856c0	
0x000858a0	
0x00085930	
0x000859d0	
0x00085b20	
0x00085b50	
0x00085b70	
0x00085bb0	
0x00085c90	
0x00085d30	
0x00085f00	
0x000860a0	
0x000862d0	
0x00086320	
0x00086380	
0x000863b0	
0x000863c4	
0x00086481	
0x000864a0	
0x000864e0	
0x000866d0	
0x00086820	
0x00086890	
0x000869b0	
0x00086a20	
0x00086aa0	
0x00086b20	
0x00086b40	
0x00086b60	
0x00086b80	
0x00086be0	
0x00086c30	
0x00086c60	
0x00086d50	
0x00086db0	
0x00086e50	
0x00086ec0	
0x00086f40	
0x00086f80	
0x00086fa0	
0x00087050	
0x000870e0	
0x000870f0	
0x00087160	
0x000871d0	
0x00087280	
0x000872a0	
0x000872b0	
0x000872d0	
0x00087380	
0x00087550	
0x00087570	
0x00087590	
0x000875d0	
0x00087610	
0x000876a0	
0x00087730	
0x000877f0	
0x000878a0	
0x00087907	
0x00087a70	
0x00087cc0	
0x00087d40	
0x00087e57	
0x000882f6	
0x00088309	
0x0008831c	
0x00088368	
0x000883b4	
0x000883e8	
0x0008841c	
0x00088468	
0x000884b4	
0x000884e8	
0x00088546	
0x0008874c	
0x000887fe	
0x00088a04	
0x00088ad0	
0x00088bf0	
0x00088e20	
0x00088e50	
0x00089010	
0x00089140	
0x000891e0	
0x00089250	
0x00089280	
0x00089330	
0x000896b0	
0x000898f0	
0x000899f0	
0x00089c10	
0x00089c60	
0x00089d50	
0x00089ea0	
0x00089ef0	
0x00089f60	
0x0008a220	
0x0008a260	
0x0008a2a0	
0x0008a330	
0x0008a390	
0x0008a3b0	
0x0008a450	
0x0008a630	
0x0008a670	
0x0008a6a0	
0x0008a710	
0x0008a750	
0x0008a790	
0x0008a880	
0x0008afd0	
0x0008b370	
0x0008b3b0	
0x0008b420	
0x0008b510	
0x0008b530	
0x0008b5e0	
0x0008b950	
0x0008bc10	
0x0008bc40	
0x0008bc50	
0x0008bc70	
0x0008bc90	
0x0008bcd0	
0x0008bd30	
0x0008bef0	
0x0008c020	
0x0008c160	
0x0008c1d0	
0x0008c1f0	
0x0008c4a0	
0x0008c520	
0x0008c550	
0x0008c560	
0x0008c590	
