# Reviewed source-identity contribution spans; gaps retain unknown ownership.
# Buka RVA authority: buka-function-map.tsv and source claims.
index	unit	lo	hi	class
0	SOURCE/ADVMGR	0x00001000	0x00011616	code
1	SOURCE/AI	0x00011660	0x000132ee	code
2	SOURCE/ARMY	0x00013330	0x00018469	code
3	SOURCE/ARMYGRP	0x000184b0	0x00018ae9	code
4	SOURCE/CMBTMGR	0x00018b30	0x0001c8bf	code
5	SOURCE/CMBTMGR	0x0001c900	0x0001c927	code
6	SOURCE/comwin	0x0001c930	0x0001d41f	code
7	SOURCE/COMMAND	0x0001d460	0x00021586	code
8	SOURCE/CURSOR	0x000215c0	0x0002362c	code
9	SOURCE/DRAWING	0x00023670	0x00024a0f	code
10	SOURCE/EVENTS	0x00024a50	0x00029c1c	code
11	SOURCE/FINDPATH	0x00029c60	0x00029c6a	code
12	SOURCE/FINDPATH	0x00029c70	0x00029c93	code
13	SOURCE/FINDPATH	0x00029ca0	0x00029cee	code
14	SOURCE/FINDPATH	0x00029cf0	0x00029d9e	code
15	SOURCE/FINDPATH	0x00029da0	0x0002a06b	code
16	SOURCE/FINDPATH	0x0002a070	0x0002a194	code
17	SOURCE/FINDPATH	0x0002a1a0	0x0002a439	code
18	SOURCE/FINDPATH	0x0002a440	0x0002a674	code
19	SOURCE/FLY	0x0002a6a0	0x0002b3b8	code
20	SOURCE/GAME	0x0002b400	0x00038edf	code
21	SOURCE/HERO	0x00038f20	0x0003b6c5	code
22	SOURCE/HEXCELL	0x0003b700	0x0003bd20	code
23	SOURCE/HISCORE	0x0003bd60	0x0003c76b	code
24	SOURCE/KB	0x0003c7b0	0x0003e3c0	code
25	SOURCE/KB	0x0003e3cf	0x00042c63	code
26	SOURCE/kbwin	0x00042ca0	0x00044c4e	code
27	SOURCE/netwin	0x00044c90	0x0004632c	code
28	SOURCE/NOOPT	0x00046370	0x0004640a	code
29	SOURCE/PATH	0x00046450	0x000478ba	code
30	SOURCE/PHILAI	0x00047900	0x00050ceb	code
31	SOURCE/RECRUIT	0x00050d30	0x000519a9	code
32	SOURCE/REMOTE	0x000519f0	0x00053b2f	code
33	SOURCE/REQUEST	0x00053b70	0x00055e14	code
34	SOURCE/SEARCH	0x00055e50	0x0005607b	code
35	SOURCE/SEARCH	0x00056080	0x00056141	code
36	SOURCE/SEARCH	0x00056150	0x00056aec	code
37	SOURCE/SETUP	0x00056b10	0x00058205	code
38	SOURCE/SMACKMGR	0x00058240	0x00058d9d	code
39	SOURCE/SPELLAI	0x00058de0	0x00059e4f	code
40	SOURCE/SPELLS	0x00059e90	0x0005c673	code
41	SOURCE/STRIP	0x0005c6b0	0x0005ce9f	code
42	SOURCE/SWAPMGR	0x0005cee0	0x0005e97a	code
43	SOURCE/TOWN	0x0005e9c0	0x0005ee4d	code
44	SOURCE/TOWNMGR	0x0005ee90	0x00065eb6	code
45	SOURCE/VIEW	0x00065ef0	0x000666ca	code
46	SOURCE/wingraph	0x00066710	0x000685a0	code
47	BASE/BASEMGR	0x000688c0	0x0006891a	code
48	BASE/AudiereEffects	0x000689a0	0x00069126	code
49	BASE/AudiereMusic	0x000692b6	0x00069a8e	code
50	BASE/Audio	0x00069b56	0x00069df2	code
51	BASE/WINMGR	0x00069fb0	0x0006a393	code
52	BASE/WINMGR	0x0006a456	0x0006abdb	code
53	BASE/WINMGR	0x0006abe6	0x0006acd9	code
54	BASE/WINMGR	0x0006b11d	0x0006b4d4	code
55	BASE/MOUSEMGR	0x0006b510	0x0006bf7a	code
56	BASE/MOUSEMGR	0x0006bf87	0x0006bfa8	code
57	BASE/MOUSEMGR	0x0006bfc0	0x0006bfff	code
58	BASE/MOUSEMGR	0x0006c00c	0x0006c0a2	code
59	BASE/RESMGR	0x0006c0e0	0x0006ce02	code
60	BASE/BACKDROP	0x0006ce40	0x0006cf88	code
61	BASE/BACKDROP	0x0006cfd0	0x0006cffe	code
62	BASE/BACKDROP	0x0006d000	0x0006d01c	code
63	BASE/WINDOW	0x0006d020	0x0006de6e	code
64	BASE/ICONWDGT	0x0006deb0	0x0006defe	code
65	BASE/ICONWDGT	0x0006dfa0	0x0006e4ea	code
66	BASE/ICONWDGT	0x0006e530	0x0006e55e	code
67	BASE/INPUTMGR	0x0006e560	0x0006efd7	code
68	BASE/INPUTMGR	0x0006f062	0x0006f085	code
69	BASE/INPUTMGR	0x0006f0b9	0x0006f835	code
70	BASE/miscwin	0x0006f870	0x0006fa2c	code
71	BASE/miscwin	0x0006fa55	0x0006fd82	code
72	BASE/miscwin	0x0006fd8a	0x0007037d	code
73	BASE/Icon2b	0x000703b8	0x0007048d	code
74	BASE/Icon2b	0x0007048e	0x00070559	code
75	BASE/Icon2b	0x0007055a	0x0007062f	code
76	BASE/Icon2b	0x00070630	0x00070703	code
77	BASE/Icon2b	0x00070704	0x000707dd	code
78	BASE/Icon2b	0x000707de	0x000708b4	code
79	BASE/Icon2bc	0x000708b4	0x00070b13	code
80	BASE/Icon2bc	0x00070b14	0x00070d6c	code
81	BASE/TILE	0x00070d6c	0x00070ea0	code
82	BASE/ICON	0x00070ea0	0x000716fb	code
83	BASE/ICON	0x00071740	0x0007176e	code
84	BASE/TEXTWDGT	0x00071770	0x00071d58	code
85	BASE/TEXTWDGT	0x00071da0	0x00071dce	code
86	BASE/FONT	0x00071dd0	0x00071ef2	code
87	BASE/FONT	0x00071f3e	0x0007271e	code
88	BASE/FONT	0x00072760	0x0007278e	code
89	BASE/BITS	0x00072790	0x00072800	code
90	BASE/BMAP2	0x00072800	0x000729a5	code
91	BASE/BMAP2	0x000729a6	0x000729e9	code
92	BASE/EXEC	0x000729f0	0x00073120	code
93	BASE/BITMAP	0x00073180	0x000735a7	code
94	BASE/BITMAP	0x000735e0	0x0007360e	code
95	BASE/MAKEFILEID	0x00073610	0x0007373b	code
96	BASE/LZHUF	0x00073780	0x0007474c	code
97	BASE/PALETTE	0x000747d0	0x000748d9	code
98	BASE/PALETTE	0x00074920	0x0007494e	code
99	BASE/BORDER	0x00074950	0x00074e29	code
100	BASE/BORDER	0x00074e70	0x00074e9e	code
101	BASE/TILESET	0x00074ea0	0x00074fe7	code
102	BASE/TILESET	0x00075020	0x0007504e	code
103	BASE/SAMPLE	0x00075050	0x00075301	code
104	BASE/WIDGET	0x00075370	0x000757ea	code
105	BASE/TEXTNTRY	0x00075830	0x00075886	code
106	BASE/TEXTNTRY	0x00075945	0x00076a75	code
107	BASE/TEXTNTRY	0x00076ab0	0x00076ade	code
108	BASE/DIMMER	0x00076ae0	0x00076bed	code
109	BASE/DIMMER	0x00076c30	0x00076c5e	code
110	BASE/DIMMER	0x00076c60	0x00076c7c	code
111	BASE/BUTTON	0x00076c80	0x00076cd9	code
112	BASE/BUTTON	0x00076e34	0x000775de	code
113	BASE/BUTTON	0x00077620	0x0007764e	code
114	BASE/RESOURCE	0x00077650	0x000776e3	code
115	BASE/LZHUFDEC	0x0007771c	0x00077c4d	code
