# Historical NWC 1.2 evidence; not consumed by the Buka build.
# Reviewed retail relocation referents that the delinker cannot infer from
# containment alone. This is the delinker referent-manifest schema; fields are image RVAs.
function_rva	target_rva	site_rva	owner	addend	occurrences	provenance
0x00073460	0x000cd864	0x00073763	?bmpAndMask@@3PAUtagBITMAP@@A	0x4	1	1.2 relocation; BITMAP bmWidth field
0x00073460	0x000cd868	0x0007376d	?bmpAndMask@@3PAUtagBITMAP@@A	0x8	1	1.2 relocation; BITMAP bmHeight field
0x00073460	0x000cd86c	0x00073773	?bmpAndMask@@3PAUtagBITMAP@@A	0xC	1	1.2 relocation; BITMAP bmWidthBytes field
0x00073460	0x000cd86c	0x0007378e	?bmpAndMask@@3PAUtagBITMAP@@A	0xC	1	1.2 relocation; BITMAP bmWidthBytes field
0x00073460	0x000cd870	0x0007377e	?bmpAndMask@@3PAUtagBITMAP@@A	0x10	1	1.2 relocation; BITMAP bmPlanes field
0x00073460	0x000cd872	0x00073787	?bmpAndMask@@3PAUtagBITMAP@@A	0x12	1	1.2 relocation; BITMAP bmBitsPixel field
0x00073460	0x000cd874	0x00073798	?bmpAndMask@@3PAUtagBITMAP@@A	0x14	1	1.2 relocation; BITMAP bmBits field
0x00073460	0x000cdf6c	0x000737f3	?bmpColor@@3PAUtagBITMAP@@A	0x4	1	1.2 relocation; BITMAP bmWidth field
0x00073460	0x000cdf70	0x000737f9	?bmpColor@@3PAUtagBITMAP@@A	0x8	1	1.2 relocation; BITMAP bmHeight field
0x00073460	0x000cdf78	0x00073800	?bmpColor@@3PAUtagBITMAP@@A	0x10	1	1.2 relocation; BITMAP bmPlanes field
0x00073460	0x000cdf7a	0x00073807	?bmpColor@@3PAUtagBITMAP@@A	0x12	1	1.2 relocation; BITMAP bmBitsPixel field
0x00073460	0x000cdf74	0x0007380f	?bmpColor@@3PAUtagBITMAP@@A	0xC	1	1.2 relocation; BITMAP bmWidthBytes field
0x00073460	0x000cdf7c	0x00073815	?bmpColor@@3PAUtagBITMAP@@A	0x14	1	1.2 relocation; BITMAP bmBits field
0x00073460	0x000ceb34	0x0007385b	?mouseIconInfo@@3PAU_ICONINFO@@A	0x4	1	1.2 relocation; ICONINFO xHotspot field
0x00073460	0x000a3111	0x00073866	?gHotSpot@@3PAY01EA	0x1	1	1.2 relocation; second cursor-hotspot axis
0x00073460	0x000ceb38	0x0007386c	?mouseIconInfo@@3PAU_ICONINFO@@A	0x8	1	1.2 relocation; ICONINFO yHotspot field
0x00073460	0x000ceb3c	0x00073872	?mouseIconInfo@@3PAU_ICONINFO@@A	0xC	1	1.2 relocation; ICONINFO hbmMask field
0x00073460	0x000ceb40	0x00073881	?mouseIconInfo@@3PAU_ICONINFO@@A	0x10	1	1.2 relocation; ICONINFO hbmColor field
0x00073460	0x000ceb40	0x00073889	?mouseIconInfo@@3PAU_ICONINFO@@A	0x10	1	1.2 relocation; ICONINFO hbmColor field
0x0007fb6c	0x000d1a96	0x0007fb8b	_son	0xFFFFFFFE	1	1.2 relocation; legacy object overlapping dword load uses son-2
0x000616d7	0x000cb027	0x0006190c	?bComboDraw@@3PAY0BB@CA	0xFFFFFFFF	1	1.2 relocation; retail operand below the claimed start (biased subscript): ComboDraw indexes its combo rows from 1
0x000616d7	0x000cb027	0x00061923	?bComboDraw@@3PAY0BB@CA	0xFFFFFFFF	1	1.2 relocation; retail operand below the claimed start (biased subscript): ComboDraw indexes its combo rows from 1
0x000616d7	0x000cb027	0x00061939	?bComboDraw@@3PAY0BB@CA	0xFFFFFFFF	1	1.2 relocation; retail operand below the claimed start (biased subscript): ComboDraw indexes its combo rows from 1
0x000616d7	0x000cb027	0x00061951	?bComboDraw@@3PAY0BB@CA	0xFFFFFFFF	1	1.2 relocation; retail operand below the claimed start (biased subscript): ComboDraw indexes its combo rows from 1
0x000616d7	0x000cb027	0x00061989	?bComboDraw@@3PAY0BB@CA	0xFFFFFFFF	1	1.2 relocation; retail operand below the claimed start (biased subscript): ComboDraw indexes its combo rows from 1
0x000616d7	0x000cb027	0x0006199e	?bComboDraw@@3PAY0BB@CA	0xFFFFFFFF	1	1.2 relocation; retail operand below the claimed start (biased subscript): ComboDraw indexes its combo rows from 1
0x000616d7	0x000cb027	0x00061a73	?bComboDraw@@3PAY0BB@CA	0xFFFFFFFF	1	1.2 relocation; retail operand below the claimed start (biased subscript): ComboDraw indexes its combo rows from 1
0x000616d7	0x000cb027	0x00061a8a	?bComboDraw@@3PAY0BB@CA	0xFFFFFFFF	1	1.2 relocation; retail operand below the claimed start (biased subscript): ComboDraw indexes its combo rows from 1
0x000616d7	0x000cb027	0x00061b0e	?bComboDraw@@3PAY0BB@CA	0xFFFFFFFF	1	1.2 relocation; retail operand below the claimed start (biased subscript): ComboDraw indexes its combo rows from 1
0x000616d7	0x000cb027	0x00061e79	?bComboDraw@@3PAY0BB@CA	0xFFFFFFFF	1	1.2 relocation; retail operand below the claimed start (biased subscript): ComboDraw indexes its combo rows from 1
0x00001000	0x00093144	0x0000213c	?gSpellNames@@3PAPADA	0xFFFFFFFC	1	1.2 relocation; retail operand below the claimed start (biased subscript): DoEvent indexes spell names by a 1-based spell
0x0001454b	0x00092a66	0x0001468f	?gCampaignSideCrests@@3PAY01CA	0xFFFFFFFE	1	1.2 relocation; retail operand below the claimed start (biased subscript): InitCampaignMap indexes crest pairs by a 1-based campaign side
0x0001a1b9	0x000911b1	0x0001a2b0	?gDwellingType@@3PAY05CA	0xFFFFFFF9	1	1.2 relocation; retail operand below the claimed start (biased subscript): dwelling column is the building slot less BUILDING_SLOT_DWELLING_FIRST
0x0001a1b9	0x000911b1	0x0001a3a9	?gDwellingType@@3PAY05CA	0xFFFFFFF9	1	1.2 relocation; retail operand below the claimed start (biased subscript): dwelling column is the building slot less BUILDING_SLOT_DWELLING_FIRST
0x0001aa04	0x000911b1	0x0001ab0d	?gDwellingType@@3PAY05CA	0xFFFFFFF9	1	1.2 relocation; retail operand below the claimed start (biased subscript): dwelling column is the building slot less BUILDING_SLOT_DWELLING_FIRST
0x0001aa04	0x000911b1	0x0001ab60	?gDwellingType@@3PAY05CA	0xFFFFFFF9	1	1.2 relocation; retail operand below the claimed start (biased subscript): dwelling column is the building slot less BUILDING_SLOT_DWELLING_FIRST
0x0004916e	0x00092ee4	0x000491a2	?gStatNames@@3PAPADA	0xFFFFFEBC	1	1.2 relocation; retail operand below the claimed start (biased subscript): status-bar widget id less the first stat widget id
0x0002ba83	0x000911b1	0x0002bd18	?gDwellingType@@3PAY05CA	0xFFFFFFF9	1	1.2 relocation; retail operand below the claimed start (biased subscript): dwelling column is the building slot less BUILDING_SLOT_DWELLING_FIRST
0x0002ba83	0x000911b1	0x0002be91	?gDwellingType@@3PAY05CA	0xFFFFFFF9	1	1.2 relocation; retail operand below the claimed start (biased subscript): dwelling column is the building slot less BUILDING_SLOT_DWELLING_FIRST
0x0002f9da	0x000911b1	0x0002fafe	?gDwellingType@@3PAY05CA	0xFFFFFFF9	1	1.2 relocation; retail operand below the claimed start (biased subscript): dwelling column is the building slot less BUILDING_SLOT_DWELLING_FIRST
0x000307f8	0x00090f56	0x00031b76	?gSpellAIValue@@3PAFA	0xFFFFFFFE	1	1.2 relocation; retail operand below the claimed start (biased subscript): event spell is 1-based
0x000307f8	0x00090f97	0x00031bc7	?gSpellAIFlags@@3PACA	0xFFFFFFFF	1	1.2 relocation; retail operand below the claimed start (biased subscript): event spell is 1-based
0x00040f82	0x000911b1	0x00041306	?gDwellingType@@3PAY05CA	0xFFFFFFF9	1	1.2 relocation; retail operand below the claimed start (biased subscript): dwelling column is the building slot less BUILDING_SLOT_DWELLING_FIRST
0x00044402	0x000911b1	0x000444b9	?gDwellingType@@3PAY05CA	0xFFFFFFF9	1	1.2 relocation; retail operand below the claimed start (biased subscript): dwelling column is the building slot less BUILDING_SLOT_DWELLING_FIRST
0x000216ec	0x00093db4	0x0002228a	?gCampaignSideNames@@3PAPADA	0xFFFFFFFC	1	1.2 biased campaign-name subscript
