candidate	verdict	owner	form	sites	decision
set-next-combat-move	retained	include/SOURCE/combatManager.h	macro	11	SET_NEXT_COMBAT_MOVE(hex): action store, then the hex expression and its store. AI 7 (DoCompAI x4, AttemptAttack x2, AttemptAdjacentAttack), ARMY GoBerserk 3, COMMAND DoCommand 1 (the source already spelled the comma expression there). Pairs with intervening work stay explicit: GoBerserk's ValidAttack between the stores, WalkTowardArmy/WalkTowardArmyFront's path-walk locals, DoCommand's attack arm (hex before action). All objects byte-identical.
hex-has-occupant	retained	include/SOURCE/hexcell.h	macro	9	HEX_HAS_OCCUPANT(cell, side, index): side compared before index. ARMY MoveAttack 1, FLY CanFit 2, COMMAND ValidHexToStandOn 1, SetCombatDirections 4, CheckSetMouseDirection 1. Kept explicit: AI AttemptAdjacentAttack (index first), PATH ValidAttack (side read once into a local), SPELLS teleport (negated !=/|| test). Byte-identical.
clear-hex-occupant	retained	include/SOURCE/hexcell.h	macro	3	CLEAR_HEX_OCCUPANT(cell): side then index; the frame stays. SPELLS CastSpell teleport x3. GenerateMap's grid initialization (also frame, obstacle, path flag) and the single-field m_occupantSide clears in Walk/FlyTo/PowEffect stay explicit. Byte-identical.
inclusive-region	retained	include/BASE/heroWindowManager.h	existing macro	5	Existing UPDATE_INCLUSIVE_REGION at CMBTMGR CatAttack 3, DRAWING DrawFrame 1, ARMY Walk 1. Background-buffer CopyTo calls with the same extent arithmetic are a different API and stay explicit. Byte-identical.
creature-display-name	retained	include/SOURCE/KB.h	existing macro	1	Existing CREATURE_DISPLAY_NAME at ARMY DoAttack's genie message. Separate-format branches (CheckApplyGood/BadMorale, Resurrect) and the lower-cased gTargetName sites stay explicit. Byte-identical.
hero-embarked	retained	include/SOURCE/hero.h	existing inline	10	Existing hero::IsEmbarked replaces every PHILAI m_eventFlags & HERO_EVENT_EMBARKED query (CheckReload, DoAI, DetermineTargetPosition x5, RVOfPosition x2, StrategicValueOfPosition); the masked i32 result is preserved. Bytes identical; only compiler label counters ($L/$T) shift.
manhattan-length	retained	include/BASE/Misc.h	existing macro	1	Existing MANHATTAN_LENGTH at StrategicValueOfPosition's destination gap. Byte-identical.
cell-terrain	retained	include/SOURCE/KB.h	existing macro	1	Existing CELL_TERRAIN at StrategicValueOfPosition's destination terrain. Byte-identical.
non-shadow-object	retained	include/SOURCE/mapCell.h	macro	3	New CELL_HAS_NON_SHADOW_OBJECT(cell): index first, then the shadow-only flag. FINDPATH TestPossibleDirections 2, SEARCH SeedPosition 1 (both /O2, byte-identical). CURSOR's two index-first sites are covered by the adventure review; ADVMGR's draw paths test the flag first and stay explicit.
army-ignores-spells	retained	include/SOURCE/army.h	macro	7	New ARMY_IGNORES_SPELLS(a): green dragon or anti-magic, type first. SPELLAI RawEffectSpellInfluence 1, EffectSpellResurrect 1, EffectSpellDamage 1 (negated); SPELLS Fireball, MeteorShower, ElementalStorm, Armageddon (negated, followed by the separate dwarf roll). The negated macro compiles to the same branch chain. ARMY's three effect-first tests (cyclops x2, unicorn) and ValidSpellTarget's anti-magic/dispel/dragon triple stay explicit. Evidence: repetition across both units.
opposite-map-direction	retained	include/SOURCE/cursorTypes.h	inline function	3	New OppositeMapDirection(i32). SEARCH FindNearestObject, BuildPath, SeedPosition (/O2): byte-identical. Being in a widely included header it shifts $SG/$L/static-name counters in other units, not their bytes.
rear-hex-offset	rejected-trial	include/SOURCE/army.h	macro	9	A rear-hex offset helper. Retail has two distinct spellings: ARMY Walk/PowEffect/MoveAttack test truthiness (m_facing ? -1 : 1, test), FLY FlyTo, SpecialAttack and KeepAttack compare (== ARMY_FACING_LEFT ? -1 : 1, cmp 1). Rewriting one Walk site in the compare form: Walk 99.79%. One macro cannot reproduce both, so no shared helper is evidenced; sites stay explicit.
extent-clamp	rejected-trial	ARMY/FLY/CMBTMGR/DRAWING	statement macro	9	The four-if clamp of giMin/MaxExtent to the view. A do { } while (0) statement macro adds 9 bytes to army::Walk (20850 -> 20859 .text; Walk 95.62%). No unguarded multi-statement macro is substituted; the clamps stay explicit.
spell-icon-cache	keep	ARMY/SPELLS	existing source	3	PowEffect, SpellEffect and CastMassSpell reload gLoadedEffectIcn when the file id changes (Dispose, GetIcon by name or id, store id). A statement block macro has the measured do/while cost (extent-clamp); PowEffect loads by name, the others by id.
player-hero-accessor	rejected-trial	include/SOURCE/game.h	existing inline	2	game::GetPlayerHero(player, i) in DetermineHeroToMove (raw m_heroRecs[m_players[p].m_heroIds[i]]): 93.39%. The reference-returning inline adds a frame temporary under /Od /Ob1; restored.
search-node-accessor	rejected-trial	include/SOURCE/searchArray.h	inline member	34	searchArray keeps m_cells as a member [72][72] array. A reference-returning GetNode in CheckReload: 90.81%. Direct 2-D indexing stays.
opposite-combat-side	retained	include/SOURCE/combatTypes.h	dual-view macro	43	COMBAT_OPPOSING_SIDE(side): (1 - (side)) in the VC6 view, CombatOpposingSide over the typed CombatSide in the strict view. AI 8, COMMAND 23, CMBTMGR 2, SPELLAI 5, SPELLS 1, PATH 1, ARMY 2, VIEW 1; no 1 - side remains open-coded in either image. Byte-identical.
current-army	keep	combatManager	existing source	18	m_armies[m_currentSide][m_currentArmyIndex]: The reference-accessor trials (player-hero-accessor, search-node-accessor) show reference-returning accessors change code. Physical/controlling side choices stay visible.
army-at-hex	keep	combatManager	existing source	12	&m_armies[cell.m_occupantSide][cell.m_occupantIndex]: written open; an accessor would be a reference accessor. The side-indexed arrays (m_armies, m_limitCreatureCount, gArmyEffected) belong to the enum domains.
hex-occupied	keep	ARMY	existing source	4	side >= 0 && index >= 0 on a cell: four sites in DoAttack only; SPELLAI EffectSpellDamage tests index first and CastSpell only the side. No cross-function contract.
edge-column	keep	combat grid	existing source	5	hex % 9 == 0 || hex % 9 == 8: operand order varies (last column first in WalkTowardArmyFront and ValidHexToStandOn), and the range guards differ (ValidHex call, ARMY_HEX_INVALID).
hex-free	keep	combat grid	existing source	4	No occupant and no obstacle: ValidMove's two tests and DoCompAI agree, ValidHexToStandOn tests the obstacle first and CanFit the negation. Not a uniform contract.
attack-message	keep	ARMY	existing source	3	SpecialAttack, DoAttack and DoHydraAttack's damage/kill sprintf differ in the killed-name source (lower-cased gTargetName, troop/troops) and counts.
area-spell-loops	keep	SPELLS/ARMY	existing source	4	Fireball/MeteorShower hit loops and DoHydraAttack's twin direction loops are ordered stateful work.
town-building-bit	retained	include/Domains.h	typed flag	25	t->m_buildings & H1_ENUM_BIT(BuildingSlotType, slot): the strict view takes only a BuildingSlotType. ARMYGRP GetMorale 1, CMBTMGR 4 (SetupCombat; KeepAttack's mage-guild test, written & 1 before, and its two slot loops, whose index k is shared with the arrow-roll loop and enters through H1_ENUM_DECODE), PHILAI 20. The mask test is the whole operation, so no wrapper is added beside TOWN_BUILDING_COMPLETE. Byte-identical.
monster-flag-test	keep	army	existing source	131	m_stats.attributes & MONSTER_FLAGS_*: a wrapper would only hide the flag conversion; plain tests stay.
calendar-turn	retained	include/SOURCE/game.h	existing macro	1	GetTurnAIVars' giCurTurn is GAME_DAY_NUMBER(*gpGame): day first, u16 fields promoted to int. Byte-identical.
artifact-value-sum	keep	AI/PHILAI	existing source	4	Regular-artifact gArtifactBaseRV sums (AICheckRetreat, ProbableOutcomeOfBattle x2, ValueOfBuyingHero): accumulators and guards differ.
artifact-base-value	retained	include/SOURCE/artifactTypes.h	macro	4	New ARTIFACT_HAS_BASE_VALUE(id): id >= 0 && id < ARTIFACT_REGULAR_END, the guard before each gArtifactBaseRV read of a hero artifact slot. AI AICheckRetreat 1, PHILAI ProbableOutcomeOfBattle 2, ValueOfBuyingHero 1. The accumulating loops stay explicit (artifact-value-sum). Byte-identical.
attack-bonus	keep	PHILAI	existing source	5	gbHumanPlayer[p] ? gAttackHumanBonus : gAttackComputerBonus: four ternaries and one if/else in ProbableOutcomeOfBattle, each a single selection.
monster-group-fill	keep	PHILAI	existing source	2	CombatMonsterEvent and ValueOfEventAtPosition spread a count over five slots with a local versus the gEventSlot global counter.
stack-fight-value	keep	army	existing source	18	quantity * gMonsterDatabase[t].fightValue (18 fightValue reads); army::Strength is an out-of-line call with the reversed product.
army-group-dismiss	keep	armyGroup	existing source	1	UpdateArmyGroup's type/count stores are armyGroup::Dismiss open-coded; calling Dismiss would add a call relocation.
army-target-pair	keep	army	existing source	6	Target side/index stores (AttemptAttack, WalkTowardArmy, GetCommand, SetCombatDirections restore, GoBerserk, MoveAttack); chained clears (WalkTo index first, DoAttack/DoHydraAttack with targetHexValue/lastHex) are not CLEAR_ARMY_TARGET's store order.
extent-reset	keep	ARMY/FLY/DRAWING/CMBTMGR	existing source	6	Extent reset and union forms vary (chained x = y = 640 in Walk, staged y then x in FlyTo, last-pixel starts in DrawFrame); statement forms carry the extent-clamp cost.
hex-row-from-y	keep	hexcell	existing source	2	(m_y - 139) / 80 in DrawTower and DrawWall only.
hex-index	keep	combat grid	existing source	68	row * COMBAT_GRID_COLUMNS + column: plain grid arithmetic.
command-view-triple	keep	COMMAND	existing source	6	SetPointer(default); View*(); ResetMouse() keep their per-command arguments.
dim-widget-pair	keep	VIEW	existing source	3	ViewGeneral's CLEAR_FLAGS/SET_FLAGS broadcasts.
memerror-check	keep	all	existing source	15	new + NULL test + MemError stays explicit.
trigger-object	retained	include/SOURCE/mapObjectTypes.h	dual-view macro	15	MAP_TRIGGER_OBJECT(trigger): the masked object type, a MapObjectType in the strict view. CMBTMGR 3, FINDPATH 1, PHILAI 9, SEARCH 2; every object-type read of a trigger byte in these units uses it. Byte-identical.
spell-power-read	keep	hero	existing source	17	m_heroes[side]->m_primaryStats[HERO_PRIMARY_SPELL_POWER]: no HoMM1 accessor; a reference/value accessor would be a hero-domain change and the reference trials add temps.
dwarf-resistance	keep	SPELLS/ARMY	existing source	7	Three roll spellings (SRandom(0,127) % 4 != 1, SRandom(0,4) != 1, CastSpell's == 1): no shared helper.
enum-indexed-arrays	retained	include/Domains.h	typed array	many	H1_ENUM_ARRAY/_ROWS index m_armies, m_heroes and m_numArmies by CombatSide, gArmyEffected by CombatSide, gMonsterDatabase by CreatureType, gArtifactBaseRV by ArtifactType, gSpellAIValue by SpellType and gCombatAdjacency by CombatHexDirection; the strict view rejects an integer subscript, and storage shared with another quantity enters through H1_ENUM_DECODE. No cast-hiding index helper. Byte-identical.
combat-deadline	keep	combat units	existing source	23	glTimers[slot] = KBTickCount() + delay: HoMM1 has no combat speed factor, so a deadline helper would only name an addition; MeteorShower's 112.5 delay keeps its double addition.
existing-army-helpers	keep	include/SOURCE/army.h;include/SOURCE/armyGroup.h	existing	0	CLEAR_ARMY_TARGET, CLEAR_ARMY_GROUP and army::IsAlive already cover every same-order site in these units; no open-coded instance remains.
fight-value-defaults	retained	include/SOURCE/philAI.h	default arguments	21	FightValueOfStack declares useTown = 0 and townId = 0; 21 calls drop the trailing zeros (PHILAI 16, AI 1, EVENTS 2, TOWNMGR 2). Calls passing a town keep all five arguments. Code unchanged.
transmit-defaults	retained	include/SOURCE/REMOTE.h	existing default arguments	1	ProcessNextAction's combat-action broadcast drops the defaulted retry flag, message type and game-position arguments. Code unchanged.
